mode: set
qmanager/internal/atengine/engine.go:56.45,70.2 4 1
qmanager/internal/atengine/engine.go:73.46,77.2 3 1
qmanager/internal/atengine/engine.go:80.45,84.2 3 1
qmanager/internal/atengine/engine.go:87.32,89.9 2 1
qmanager/internal/atengine/engine.go:90.20,93.13 2 1
qmanager/internal/atengine/engine.go:94.10,95.20 1 1
qmanager/internal/atengine/engine.go:97.2,100.24 3 1
qmanager/internal/atengine/engine.go:100.24,102.3 1 1
qmanager/internal/atengine/engine.go:103.2,103.12 1 0
qmanager/internal/atengine/engine.go:107.31,110.6 2 1
qmanager/internal/atengine/engine.go:110.6,112.10 1 1
qmanager/internal/atengine/engine.go:113.21,114.10 1 1
qmanager/internal/atengine/engine.go:115.28,117.12 2 1
qmanager/internal/atengine/engine.go:118.11,118.11 0 1
qmanager/internal/atengine/engine.go:122.3,122.10 1 1
qmanager/internal/atengine/engine.go:123.21,124.10 1 0
qmanager/internal/atengine/engine.go:125.28,127.12 2 0
qmanager/internal/atengine/engine.go:128.28,130.12 2 1
qmanager/internal/atengine/engine.go:131.11,131.11 0 1
qmanager/internal/atengine/engine.go:135.3,135.10 1 1
qmanager/internal/atengine/engine.go:136.21,137.10 1 1
qmanager/internal/atengine/engine.go:138.28,139.25 1 1
qmanager/internal/atengine/engine.go:140.28,141.25 1 1
qmanager/internal/atengine/engine.go:142.27,143.25 1 1
qmanager/internal/atengine/engine.go:148.53,150.38 1 1
qmanager/internal/atengine/engine.go:150.38,151.10 1 1
qmanager/internal/atengine/engine.go:152.50,152.50 0 1
qmanager/internal/atengine/engine.go:153.11,153.11 0 0
qmanager/internal/atengine/engine.go:155.3,155.9 1 1
qmanager/internal/atengine/engine.go:158.2,159.9 2 1
qmanager/internal/atengine/engine.go:160.59,160.59 0 1
qmanager/internal/atengine/engine.go:161.10,161.10 0 0
qmanager/internal/atengine/engine.go:166.102,168.16 2 1
qmanager/internal/atengine/engine.go:168.16,170.3 1 0
qmanager/internal/atengine/engine.go:171.2,171.21 1 1
qmanager/internal/atengine/engine.go:175.75,177.2 1 1
qmanager/internal/atengine/engine.go:180.79,182.2 1 1
qmanager/internal/atengine/engine.go:185.78,187.2 1 1
qmanager/internal/atengine/engine.go:190.107,196.74 5 1
qmanager/internal/atengine/engine.go:196.74,199.3 2 1
qmanager/internal/atengine/engine.go:201.2,209.14 2 1
qmanager/internal/atengine/engine.go:210.20,211.10 1 1
qmanager/internal/atengine/engine.go:212.21,213.43 1 0
qmanager/internal/atengine/engine.go:214.21,215.25 1 0
qmanager/internal/atengine/engine.go:216.26,216.26 0 1
qmanager/internal/atengine/engine.go:218.22,219.10 1 1
qmanager/internal/atengine/engine.go:220.21,221.43 1 0
qmanager/internal/atengine/engine.go:222.21,223.25 1 1
qmanager/internal/atengine/engine.go:224.26,224.26 0 1
qmanager/internal/atengine/engine.go:226.19,227.10 1 1
qmanager/internal/atengine/engine.go:228.21,229.43 1 0
qmanager/internal/atengine/engine.go:230.21,231.25 1 0
qmanager/internal/atengine/engine.go:232.25,232.25 0 1
qmanager/internal/atengine/engine.go:233.11,235.28 1 1
qmanager/internal/atengine/engine.go:240.2,241.9 2 1
qmanager/internal/atengine/engine.go:242.20,243.42 1 1
qmanager/internal/atengine/engine.go:244.20,245.24 1 1
qmanager/internal/atengine/engine.go:246.29,246.29 0 1
qmanager/internal/atengine/engine.go:249.2,260.16 5 1
qmanager/internal/atengine/engine.go:260.16,263.3 2 1
qmanager/internal/atengine/engine.go:265.2,265.18 1 1
qmanager/internal/atengine/engine.go:265.18,268.3 2 1
qmanager/internal/atengine/engine.go:270.2,270.17 1 1
qmanager/internal/atengine/engine.go:274.80,276.2 1 1
qmanager/internal/atengine/engine.go:279.52,281.2 1 1
qmanager/internal/atengine/engine.go:284.77,286.2 1 1
qmanager/internal/atengine/engine.go:289.76,291.2 1 1
qmanager/internal/atengine/engine.go:294.90,296.31 2 1
qmanager/internal/atengine/engine.go:296.31,298.17 2 1
qmanager/internal/atengine/engine.go:298.17,300.4 1 1
qmanager/internal/atengine/engine.go:301.3,301.17 1 1
qmanager/internal/atengine/engine.go:301.17,303.4 1 0
qmanager/internal/atengine/engine.go:305.2,305.21 1 1
qmanager/internal/atengine/engine.go:308.34,315.2 2 1
qmanager/internal/atengine/parser.go:55.49,57.15 2 1
qmanager/internal/atengine/parser.go:57.15,59.16 2 1
qmanager/internal/atengine/parser.go:59.16,61.4 1 1
qmanager/internal/atengine/parser.go:63.2,64.53 2 1
qmanager/internal/atengine/parser.go:64.53,66.3 1 0
qmanager/internal/atengine/parser.go:66.8,66.60 1 1
qmanager/internal/atengine/parser.go:66.60,68.3 1 1
qmanager/internal/atengine/parser.go:69.2,73.37 4 1
qmanager/internal/atengine/parser.go:73.37,75.3 1 1
qmanager/internal/atengine/parser.go:75.8,78.3 2 0
qmanager/internal/atengine/parser.go:80.2,81.21 2 1
qmanager/internal/atengine/parser.go:81.21,83.3 1 0
qmanager/internal/atengine/parser.go:85.2,88.20 2 1
qmanager/internal/atengine/parser.go:88.20,90.3 1 1
qmanager/internal/atengine/parser.go:92.2,92.54 1 1
qmanager/internal/atengine/parser.go:92.54,94.3 1 1
qmanager/internal/atengine/parser.go:96.2,96.20 1 1
qmanager/internal/atengine/parser.go:96.20,98.3 1 0
qmanager/internal/atengine/parser.go:100.2,100.19 1 1
qmanager/internal/atengine/parser.go:101.31,103.23 1 1
qmanager/internal/atengine/parser.go:103.23,119.24 16 1
qmanager/internal/atengine/parser.go:119.24,121.5 1 1
qmanager/internal/atengine/parser.go:123.17,125.23 1 1
qmanager/internal/atengine/parser.go:125.23,139.4 13 1
qmanager/internal/atengine/parser.go:140.18,142.23 1 1
qmanager/internal/atengine/parser.go:142.23,151.24 9 1
qmanager/internal/atengine/parser.go:151.24,154.5 2 1
qmanager/internal/atengine/parser.go:156.15,157.23 1 1
qmanager/internal/atengine/parser.go:157.23,165.4 7 1
qmanager/internal/atengine/parser.go:168.2,168.13 1 1
qmanager/internal/atengine/parser.go:172.50,176.25 3 1
qmanager/internal/atengine/parser.go:176.25,178.59 2 1
qmanager/internal/atengine/parser.go:178.59,181.4 2 1
qmanager/internal/atengine/parser.go:181.9,184.4 2 1
qmanager/internal/atengine/parser.go:186.3,187.44 2 1
qmanager/internal/atengine/parser.go:187.44,188.12 1 1
qmanager/internal/atengine/parser.go:191.3,193.21 3 1
qmanager/internal/atengine/parser.go:193.21,194.12 1 0
qmanager/internal/atengine/parser.go:198.3,205.13 7 1
qmanager/internal/atengine/parser.go:206.10,207.13 1 1
qmanager/internal/atengine/parser.go:208.11,209.13 1 1
qmanager/internal/atengine/parser.go:210.11,211.13 1 1
qmanager/internal/atengine/parser.go:212.11,213.14 1 1
qmanager/internal/atengine/parser.go:214.11,215.14 1 1
qmanager/internal/atengine/parser.go:216.12,217.14 1 1
qmanager/internal/atengine/parser.go:218.11,219.14 1 0
qmanager/internal/atengine/parser.go:219.14,221.5 1 0
qmanager/internal/atengine/parser.go:224.3,225.55 2 1
qmanager/internal/atengine/parser.go:225.55,227.4 1 1
qmanager/internal/atengine/parser.go:229.3,230.41 2 1
qmanager/internal/atengine/parser.go:230.41,233.20 3 1
qmanager/internal/atengine/parser.go:233.20,235.5 1 1
qmanager/internal/atengine/parser.go:235.10,237.5 1 1
qmanager/internal/atengine/parser.go:240.3,252.23 2 1
qmanager/internal/atengine/parser.go:252.23,257.4 4 1
qmanager/internal/atengine/parser.go:259.3,259.26 1 1
qmanager/internal/atengine/parser.go:262.2,262.13 1 1
qmanager/internal/atengine/parser.go:294.35,296.37 2 1
qmanager/internal/atengine/parser.go:296.37,297.36 1 1
qmanager/internal/atengine/parser.go:297.36,299.9 2 1
qmanager/internal/atengine/parser.go:302.2,302.13 1 1
qmanager/internal/atengine/parser.go:302.13,304.3 1 1
qmanager/internal/atengine/parser.go:306.2,308.29 3 1
qmanager/internal/atengine/parser.go:308.29,310.20 2 1
qmanager/internal/atengine/parser.go:310.20,311.12 1 1
qmanager/internal/atengine/parser.go:313.3,314.38 2 1
qmanager/internal/atengine/parser.go:314.38,315.42 1 1
qmanager/internal/atengine/parser.go:315.42,317.10 2 1
qmanager/internal/atengine/parser.go:320.3,320.13 1 1
qmanager/internal/atengine/parser.go:320.13,322.4 1 1
qmanager/internal/atengine/parser.go:324.2,324.37 1 1
qmanager/internal/atengine/parser.go:328.42,331.29 3 1
qmanager/internal/atengine/parser.go:331.29,333.40 2 1
qmanager/internal/atengine/parser.go:333.40,334.12 1 1
qmanager/internal/atengine/parser.go:337.3,338.21 2 1
qmanager/internal/atengine/parser.go:338.21,339.12 1 0
qmanager/internal/atengine/parser.go:342.3,344.33 3 1
qmanager/internal/atengine/parser.go:344.33,345.12 1 0
qmanager/internal/atengine/parser.go:348.3,349.22 2 1
qmanager/internal/atengine/parser.go:349.22,351.4 1 1
qmanager/internal/atengine/parser.go:353.3,357.4 1 1
qmanager/internal/atengine/parser.go:359.2,359.12 1 1
qmanager/internal/atengine/parser.go:367.46,373.29 5 1
qmanager/internal/atengine/parser.go:373.29,375.42 2 1
qmanager/internal/atengine/parser.go:375.42,376.12 1 1
qmanager/internal/atengine/parser.go:379.3,380.21 2 1
qmanager/internal/atengine/parser.go:380.21,381.12 1 0
qmanager/internal/atengine/parser.go:384.3,386.17 3 1
qmanager/internal/atengine/parser.go:386.17,387.12 1 0
qmanager/internal/atengine/parser.go:390.3,391.17 2 1
qmanager/internal/atengine/parser.go:391.17,393.4 1 1
qmanager/internal/atengine/parser.go:396.2,396.23 1 1
qmanager/internal/atengine/parser.go:396.23,398.3 1 1
qmanager/internal/atengine/parser.go:400.2,403.3 1 1
qmanager/internal/atengine/parser.go:407.42,409.15 2 1
qmanager/internal/atengine/parser.go:409.15,411.3 1 1
qmanager/internal/atengine/parser.go:412.2,413.53 2 1
qmanager/internal/atengine/parser.go:413.53,415.3 1 1
qmanager/internal/atengine/parser.go:415.8,415.60 1 1
qmanager/internal/atengine/parser.go:415.60,417.3 1 0
qmanager/internal/atengine/parser.go:419.2,420.20 2 1
qmanager/internal/atengine/parser.go:420.20,422.3 1 0
qmanager/internal/atengine/parser.go:424.2,426.32 3 1
qmanager/internal/atengine/parser.go:426.32,428.3 1 0
qmanager/internal/atengine/parser.go:430.2,431.15 2 1
qmanager/internal/atengine/parser.go:431.15,433.3 1 1
qmanager/internal/atengine/parser.go:433.8,433.22 1 1
qmanager/internal/atengine/parser.go:433.22,435.3 1 1
qmanager/internal/atengine/parser.go:435.8,435.36 1 1
qmanager/internal/atengine/parser.go:435.36,437.3 1 1
qmanager/internal/atengine/parser.go:437.8,437.23 1 1
qmanager/internal/atengine/parser.go:437.23,439.3 1 1
qmanager/internal/atengine/parser.go:441.2,445.3 1 1
qmanager/internal/atengine/parser.go:448.41,454.25 5 1
qmanager/internal/atengine/parser.go:454.25,456.13 2 1
qmanager/internal/atengine/parser.go:457.12,458.24 1 1
qmanager/internal/atengine/parser.go:459.12,460.17 1 1
qmanager/internal/atengine/parser.go:460.17,465.5 4 1
qmanager/internal/atengine/parser.go:468.2,468.16 1 1
qmanager/internal/atengine/parser.go:468.16,472.3 3 1
qmanager/internal/atengine/parser.go:474.2,474.14 1 1
qmanager/internal/atengine/transport.go:39.40,45.2 1 1
qmanager/internal/atengine/transport.go:47.79,48.34 1 1
qmanager/internal/atengine/transport.go:48.34,50.3 1 0
qmanager/internal/atengine/transport.go:52.2,57.42 5 1
qmanager/internal/atengine/transport.go:57.42,59.3 1 1
qmanager/internal/atengine/transport.go:60.2,60.23 1 1
qmanager/internal/atengine/transport.go:63.55,67.2 3 1
qmanager/internal/atengine/transport.go:70.47,76.2 5 1
qmanager/internal/atengine/transport.go:79.40,83.2 3 1
qmanager/internal/atengine/transport.go:85.39,87.2 1 1
qmanager/internal/atengine/transport.go:97.58,98.19 1 1
qmanager/internal/atengine/transport.go:98.19,100.3 1 1
qmanager/internal/atengine/transport.go:101.2,103.3 1 1
qmanager/internal/atengine/transport.go:107.36,118.41 2 1
qmanager/internal/atengine/transport.go:118.41,120.3 1 1
qmanager/internal/atengine/transport.go:121.2,121.14 1 1
qmanager/internal/atengine/transport.go:125.69,129.6 3 1
qmanager/internal/atengine/transport.go:129.6,130.10 1 1
qmanager/internal/atengine/transport.go:131.21,132.35 1 0
qmanager/internal/atengine/transport.go:133.11,133.11 0 1
qmanager/internal/atengine/transport.go:136.3,136.32 1 1
qmanager/internal/atengine/transport.go:136.32,138.4 1 0
qmanager/internal/atengine/transport.go:140.3,141.12 2 1
qmanager/internal/atengine/transport.go:141.12,143.33 2 1
qmanager/internal/atengine/transport.go:143.33,144.10 1 1
qmanager/internal/atengine/transport.go:148.3,148.18 1 0
qmanager/internal/atengine/transport.go:148.18,149.31 1 0
qmanager/internal/atengine/transport.go:149.31,150.10 1 0
qmanager/internal/atengine/transport.go:152.4,152.26 1 0
qmanager/internal/atengine/transport.go:152.26,153.25 1 0
qmanager/internal/atengine/transport.go:153.25,155.6 1 0
qmanager/internal/atengine/transport.go:156.5,156.34 1 0
qmanager/internal/atengine/transport.go:156.34,157.11 1 0
qmanager/internal/atengine/transport.go:163.2,164.162 2 1
qmanager/internal/atengine/transport.go:164.162,166.3 1 0
qmanager/internal/atengine/transport.go:167.2,167.43 1 1
qmanager/internal/atengine/transport.go:167.43,169.3 1 0
qmanager/internal/atengine/transport.go:171.2,171.17 1 1
qmanager/internal/atengine/transport.go:175.81,180.16 4 1
qmanager/internal/atengine/transport.go:180.16,182.3 1 1
qmanager/internal/atengine/transport.go:183.2,186.78 3 0
qmanager/internal/atengine/transport.go:186.78,188.3 1 0
qmanager/internal/atengine/transport.go:190.2,190.53 1 0
qmanager/internal/atengine/transport.go:190.53,192.3 1 0
qmanager/internal/atengine/transport.go:194.2,194.29 1 0
qmanager/internal/atengine/transport.go:197.41,199.2 1 1
qmanager/internal/atengine/transport.go:206.49,207.16 1 1
qmanager/internal/atengine/transport.go:207.16,209.3 1 1
qmanager/internal/atengine/transport.go:210.2,210.37 1 1
qmanager/internal/atengine/transport.go:213.78,214.46 1 1
qmanager/internal/atengine/transport.go:214.46,216.3 1 1
qmanager/internal/atengine/transport.go:218.2,220.16 3 0
qmanager/internal/atengine/transport.go:220.16,221.23 1 0
qmanager/internal/atengine/transport.go:221.23,223.4 1 0
qmanager/internal/atengine/transport.go:224.3,224.72 1 0
qmanager/internal/atengine/transport.go:227.2,227.25 1 0
qmanager/internal/atengine/transport.go:230.38,232.2 1 1
qmanager/internal/atengine/transport.go:235.38,243.39 2 1
qmanager/internal/atengine/transport.go:243.39,244.41 1 1
qmanager/internal/atengine/transport.go:244.41,246.4 1 0
qmanager/internal/atengine/transport.go:250.2,250.59 1 1
qmanager/internal/atengine/transport.go:250.59,252.3 1 0
qmanager/internal/atengine/transport.go:255.2,255.27 1 1
qmanager/internal/platform/detector.go:32.63,33.23 1 1
qmanager/internal/platform/detector.go:33.23,35.3 1 1
qmanager/internal/platform/detector.go:36.2,36.23 1 1
qmanager/internal/platform/detector.go:36.23,38.3 1 1
qmanager/internal/platform/detector.go:40.2,49.51 2 1
qmanager/internal/platform/detector.go:49.51,52.22 3 1
qmanager/internal/platform/detector.go:52.22,55.25 3 1
qmanager/internal/platform/detector.go:55.25,60.40 4 1
qmanager/internal/platform/detector.go:60.40,62.6 1 1
qmanager/internal/platform/detector.go:62.11,62.46 1 1
qmanager/internal/platform/detector.go:62.46,64.6 1 1
qmanager/internal/platform/detector.go:64.11,64.46 1 1
qmanager/internal/platform/detector.go:64.46,66.6 1 1
qmanager/internal/platform/detector.go:66.11,66.46 1 1
qmanager/internal/platform/detector.go:66.46,68.6 1 1
qmanager/internal/platform/detector.go:74.2,74.55 1 1
qmanager/internal/platform/detector.go:74.55,76.63 2 1
qmanager/internal/platform/detector.go:76.63,78.4 1 1
qmanager/internal/platform/detector.go:82.2,85.11 3 1
qmanager/internal/platform/self_heal.go:30.44,32.32 2 1
qmanager/internal/platform/self_heal.go:32.32,34.3 1 1
qmanager/internal/platform/self_heal.go:35.2,35.62 1 1
qmanager/internal/platform/self_heal.go:35.62,37.3 1 1
qmanager/internal/platform/self_heal.go:38.2,38.18 1 1
qmanager/internal/platform/self_heal.go:42.37,43.73 1 1
qmanager/internal/platform/self_heal.go:43.73,45.3 1 1
qmanager/internal/platform/self_heal.go:46.2,46.20 1 1
qmanager/internal/platform/self_heal.go:51.59,52.20 1 1
qmanager/internal/platform/self_heal.go:52.20,54.3 1 0
qmanager/internal/platform/self_heal.go:57.2,57.47 1 1
qmanager/internal/platform/self_heal.go:57.47,58.36 1 1
qmanager/internal/platform/self_heal.go:58.36,60.4 1 1
qmanager/internal/platform/self_heal.go:61.3,61.17 1 1
qmanager/internal/platform/self_heal.go:61.17,63.4 1 1
qmanager/internal/platform/self_heal.go:66.2,69.55 4 1
qmanager/internal/platform/self_heal.go:69.55,71.3 1 1
qmanager/internal/platform/self_heal.go:73.2,85.16 3 1
qmanager/internal/platform/self_heal.go:85.16,87.3 1 0
qmanager/internal/platform/self_heal.go:89.2,90.47 2 1
qmanager/internal/platform/self_heal.go:90.47,92.3 1 0
qmanager/internal/platform/self_heal.go:94.2,96.46 2 1
qmanager/internal/platform/self_heal.go:96.46,97.36 1 0
qmanager/internal/platform/self_heal.go:97.36,99.4 1 0
qmanager/internal/platform/self_heal.go:100.3,100.25 1 0
qmanager/internal/platform/self_heal.go:103.2,103.58 1 1
qmanager/internal/platform/self_heal.go:103.58,105.3 1 0
qmanager/internal/platform/self_heal.go:107.2,107.53 1 1
qmanager/internal/platform/self_heal.go:107.53,110.3 2 0
qmanager/internal/platform/self_heal.go:112.2,112.12 1 1
qmanager/internal/platform/self_heal.go:116.66,118.16 2 1
qmanager/internal/platform/self_heal.go:118.16,120.3 1 1
qmanager/internal/platform/self_heal.go:122.2,123.49 2 1
qmanager/internal/platform/self_heal.go:123.49,125.3 1 1
qmanager/internal/platform/self_heal.go:127.2,127.39 1 1
qmanager/internal/platform/self_heal.go:127.39,129.3 1 1
qmanager/internal/platform/self_heal.go:131.2,131.106 1 1
qmanager/internal/platform/self_heal.go:131.106,133.3 1 1
qmanager/internal/platform/self_heal.go:135.2,135.14 1 1
qmanager/internal/platform/sysfs.go:40.47,41.16 1 1
qmanager/internal/platform/sysfs.go:41.16,43.3 1 1
qmanager/internal/platform/sysfs.go:44.2,45.16 2 1
qmanager/internal/platform/sysfs.go:45.16,47.3 1 1
qmanager/internal/platform/sysfs.go:48.2,49.21 2 1
qmanager/internal/platform/sysfs.go:49.21,51.3 1 1
qmanager/internal/platform/sysfs.go:52.2,52.42 1 1
qmanager/internal/platform/sysfs.go:56.70,57.16 1 1
qmanager/internal/platform/sysfs.go:57.16,59.3 1 1
qmanager/internal/platform/sysfs.go:60.2,61.16 2 1
qmanager/internal/platform/sysfs.go:61.16,63.3 1 1
qmanager/internal/platform/sysfs.go:64.2,67.21 3 1
qmanager/internal/platform/sysfs.go:67.21,70.22 3 1
qmanager/internal/platform/sysfs.go:70.22,71.12 1 1
qmanager/internal/platform/sysfs.go:73.3,75.26 3 1
qmanager/internal/platform/sysfs.go:75.26,76.12 1 1
qmanager/internal/platform/sysfs.go:78.3,80.14 2 1
qmanager/internal/platform/sysfs.go:81.19,82.15 1 1
qmanager/internal/platform/sysfs.go:83.18,84.14 1 1
qmanager/internal/platform/sysfs.go:85.23,86.15 1 1
qmanager/internal/platform/sysfs.go:89.2,89.28 1 1
qmanager/internal/platform/sysfs.go:89.28,91.3 1 1
qmanager/internal/platform/sysfs.go:92.2,92.32 1 1
qmanager/internal/platform/sysfs.go:96.28,99.16 2 1
qmanager/internal/platform/sysfs.go:99.16,100.27 1 1
qmanager/internal/platform/sysfs.go:100.27,101.47 1 1
qmanager/internal/platform/sysfs.go:101.47,103.30 2 1
qmanager/internal/platform/sysfs.go:103.30,104.20 1 1
qmanager/internal/platform/sysfs.go:104.20,106.7 1 1
qmanager/internal/platform/sysfs.go:107.6,107.16 1 1
qmanager/internal/platform/sysfs.go:114.2,115.16 2 1
qmanager/internal/platform/sysfs.go:115.16,116.27 1 1
qmanager/internal/platform/sysfs.go:116.27,117.47 1 1
qmanager/internal/platform/sysfs.go:117.47,119.30 2 1
qmanager/internal/platform/sysfs.go:119.30,120.20 1 1
qmanager/internal/platform/sysfs.go:120.20,122.7 1 1
qmanager/internal/platform/sysfs.go:123.6,123.16 1 1
qmanager/internal/platform/sysfs.go:129.2,129.12 1 1
qmanager/internal/platform/sysfs.go:133.69,134.16 1 1
qmanager/internal/platform/sysfs.go:134.16,136.3 1 1
qmanager/internal/platform/sysfs.go:137.2,138.16 2 1
qmanager/internal/platform/sysfs.go:138.16,140.3 1 1
qmanager/internal/platform/sysfs.go:141.2,147.21 5 1
qmanager/internal/platform/sysfs.go:147.21,149.19 2 1
qmanager/internal/platform/sysfs.go:149.19,150.12 1 1
qmanager/internal/platform/sysfs.go:152.3,154.22 3 1
qmanager/internal/platform/sysfs.go:154.22,155.12 1 1
qmanager/internal/platform/sysfs.go:157.3,159.23 3 1
qmanager/internal/platform/sysfs.go:159.23,160.12 1 1
qmanager/internal/platform/sysfs.go:163.3,178.4 7 1
qmanager/internal/platform/sysfs.go:181.2,181.19 1 1
qmanager/internal/platform/sysfs.go:185.39,192.22 4 1
qmanager/internal/platform/sysfs.go:192.22,195.3 2 0
qmanager/internal/platform/sysfs.go:196.2,197.50 2 1
qmanager/internal/platform/sysfs.go:197.50,199.3 1 0
qmanager/internal/platform/sysfs.go:201.2,201.10 1 1
qmanager/internal/api/router/router.go:32.44,89.42 44 1
qmanager/internal/api/router/router.go:89.42,109.35 13 1
qmanager/internal/api/router/router.go:109.35,110.50 1 1
qmanager/internal/api/router/router.go:110.50,111.74 1 1
qmanager/internal/api/router/router.go:111.74,113.6 1 0
qmanager/internal/api/router/router.go:117.4,231.55 93 1
qmanager/internal/api/router/router.go:236.2,236.55 1 1
qmanager/internal/api/router/router.go:236.55,361.3 91 1
qmanager/internal/api/router/router.go:364.2,365.16 2 1
qmanager/internal/api/router/router.go:365.16,367.82 2 1
qmanager/internal/api/router/router.go:367.82,369.4 1 0
qmanager/internal/api/router/router.go:372.2,372.10 1 1
qmanager/cmd/qmanager/main.go:25.54,26.16 1 1
qmanager/cmd/qmanager/main.go:26.16,28.3 1 0
qmanager/cmd/qmanager/main.go:29.2,29.16 1 1
qmanager/cmd/qmanager/main.go:29.16,31.3 1 0
qmanager/cmd/qmanager/main.go:33.2,41.16 5 1
qmanager/cmd/qmanager/main.go:41.16,43.3 1 0
qmanager/cmd/qmanager/main.go:46.2,92.12 22 1
qmanager/cmd/qmanager/main.go:92.12,95.10 3 1
qmanager/cmd/qmanager/main.go:96.18,98.22 2 0
qmanager/cmd/qmanager/main.go:99.21,100.22 1 1
qmanager/cmd/qmanager/main.go:104.2,105.79 2 1
qmanager/cmd/qmanager/main.go:105.79,107.3 1 0
qmanager/cmd/qmanager/main.go:108.2,108.12 1 1
qmanager/cmd/qmanager/main.go:111.25,112.58 1 0
qmanager/cmd/qmanager/main.go:112.58,114.3 1 0
qmanager/cmd/qmanager/main.go:117.13,119.2 1 1
qmanager/internal/config/config.go:66.32,98.2 1 1
qmanager/internal/config/config.go:101.48,102.16 1 1
qmanager/internal/config/config.go:102.16,104.3 1 1
qmanager/internal/config/config.go:106.2,111.33 2 1
qmanager/internal/config/config.go:111.33,113.25 1 1
qmanager/internal/config/config.go:113.25,114.37 1 1
qmanager/internal/config/config.go:114.37,116.5 1 1
qmanager/internal/config/config.go:117.4,117.17 1 1
qmanager/internal/config/config.go:119.3,119.71 1 1
qmanager/internal/config/config.go:122.2,122.15 1 1
qmanager/internal/config/config.go:125.32,130.16 4 1
qmanager/internal/config/config.go:130.16,132.3 1 1
qmanager/internal/config/config.go:134.2,135.51 2 1
qmanager/internal/config/config.go:135.51,137.3 1 1
qmanager/internal/config/config.go:139.2,140.12 2 1
qmanager/internal/config/config.go:144.32,148.2 3 1
qmanager/internal/config/config.go:151.50,157.2 4 1
qmanager/internal/config/config.go:160.32,164.2 3 1
qmanager/internal/config/config.go:166.38,171.16 3 1
qmanager/internal/config/config.go:171.16,172.25 1 1
qmanager/internal/config/config.go:172.25,173.53 1 1
qmanager/internal/config/config.go:173.53,175.5 1 1
qmanager/internal/config/config.go:176.9,178.4 1 1
qmanager/internal/config/config.go:179.8,179.29 1 1
qmanager/internal/config/config.go:179.29,181.3 1 1
qmanager/internal/config/config.go:184.2,184.45 1 1
qmanager/internal/config/config.go:184.45,185.36 1 1
qmanager/internal/config/config.go:185.36,187.4 1 1
qmanager/internal/config/config.go:188.3,188.17 1 1
qmanager/internal/config/config.go:188.17,190.4 1 1
qmanager/internal/config/config.go:193.2,194.16 2 1
qmanager/internal/config/config.go:194.16,196.3 1 0
qmanager/internal/config/config.go:199.2,202.46 2 1
qmanager/internal/config/config.go:202.46,203.36 1 0
qmanager/internal/config/config.go:203.36,205.4 1 0
qmanager/internal/config/config.go:206.3,206.25 1 0
qmanager/internal/config/config.go:209.2,210.16 2 1
qmanager/internal/config/config.go:210.16,212.3 1 0
qmanager/internal/config/config.go:214.2,214.41 1 1
qmanager/internal/config/config.go:214.41,218.3 3 0
qmanager/internal/config/config.go:221.2,221.33 1 1
qmanager/internal/config/config.go:221.33,225.3 3 0
qmanager/internal/config/config.go:226.2,229.51 2 1
qmanager/internal/config/config.go:229.51,232.3 2 0
qmanager/internal/config/config.go:234.2,234.12 1 1
qmanager/internal/telemetry/alerts.go:50.64,56.2 1 1
qmanager/internal/telemetry/alerts.go:59.59,63.2 3 1
qmanager/internal/telemetry/alerts.go:66.60,70.2 3 1
qmanager/internal/telemetry/alerts.go:73.77,75.35 2 1
qmanager/internal/telemetry/alerts.go:75.35,77.3 1 0
qmanager/internal/telemetry/alerts.go:78.2,84.66 5 1
qmanager/internal/telemetry/alerts.go:84.66,86.3 1 0
qmanager/internal/telemetry/alerts.go:89.2,89.67 1 1
qmanager/internal/telemetry/alerts.go:89.67,91.3 1 1
qmanager/internal/telemetry/alerts.go:94.74,102.2 4 1
qmanager/internal/telemetry/alerts.go:104.79,113.2 5 1
qmanager/internal/telemetry/alerts.go:116.55,123.2 5 1
qmanager/internal/telemetry/history.go:64.43,65.24 1 1
qmanager/internal/telemetry/history.go:65.24,67.3 1 1
qmanager/internal/telemetry/history.go:68.2,68.22 1 1
qmanager/internal/telemetry/history.go:72.78,73.20 1 1
qmanager/internal/telemetry/history.go:73.20,75.3 1 0
qmanager/internal/telemetry/history.go:76.2,76.18 1 1
qmanager/internal/telemetry/history.go:76.18,78.3 1 0
qmanager/internal/telemetry/history.go:79.2,79.19 1 1
qmanager/internal/telemetry/history.go:79.19,81.3 1 0
qmanager/internal/telemetry/history.go:83.2,90.3 1 1
qmanager/internal/telemetry/history.go:94.64,98.23 3 1
qmanager/internal/telemetry/history.go:98.23,100.3 1 0
qmanager/internal/telemetry/history.go:102.2,104.33 3 1
qmanager/internal/telemetry/history.go:104.33,106.3 1 1
qmanager/internal/telemetry/history.go:110.75,114.24 3 1
qmanager/internal/telemetry/history.go:114.24,116.3 1 0
qmanager/internal/telemetry/history.go:118.2,121.37 3 1
qmanager/internal/telemetry/history.go:121.37,124.3 2 1
qmanager/internal/telemetry/history.go:126.2,126.34 1 1
qmanager/internal/telemetry/history.go:126.34,128.3 1 0
qmanager/internal/telemetry/history.go:130.2,130.15 1 1
qmanager/internal/telemetry/history.go:134.60,138.23 3 1
qmanager/internal/telemetry/history.go:138.23,140.3 1 0
qmanager/internal/telemetry/history.go:142.2,144.29 3 1
qmanager/internal/telemetry/history.go:144.29,146.3 1 1
qmanager/internal/telemetry/history.go:150.71,154.22 3 1
qmanager/internal/telemetry/history.go:154.22,156.3 1 0
qmanager/internal/telemetry/history.go:158.2,161.35 3 1
qmanager/internal/telemetry/history.go:161.35,164.3 2 1
qmanager/internal/telemetry/history.go:166.2,166.34 1 1
qmanager/internal/telemetry/history.go:166.34,168.3 1 0
qmanager/internal/telemetry/history.go:170.2,170.15 1 1
qmanager/internal/telemetry/history.go:174.62,178.24 3 1
qmanager/internal/telemetry/history.go:178.24,180.3 1 0
qmanager/internal/telemetry/history.go:182.2,184.31 3 1
qmanager/internal/telemetry/history.go:184.31,186.3 1 1
qmanager/internal/telemetry/history.go:190.66,194.23 3 1
qmanager/internal/telemetry/history.go:194.23,196.3 1 0
qmanager/internal/telemetry/history.go:198.2,201.36 3 1
qmanager/internal/telemetry/history.go:201.36,204.3 2 1
qmanager/internal/telemetry/history.go:206.2,206.34 1 1
qmanager/internal/telemetry/history.go:206.34,208.3 1 0
qmanager/internal/telemetry/history.go:210.2,210.15 1 1
qmanager/internal/telemetry/logger.go:31.36,33.2 1 1
qmanager/internal/telemetry/logger.go:51.42,52.23 1 1
qmanager/internal/telemetry/logger.go:52.23,57.3 3 1
qmanager/internal/telemetry/logger.go:58.2,58.22 1 1
qmanager/internal/telemetry/logger.go:62.58,63.19 1 1
qmanager/internal/telemetry/logger.go:63.19,65.3 1 0
qmanager/internal/telemetry/logger.go:66.2,71.3 1 1
qmanager/internal/telemetry/logger.go:75.72,88.26 6 1
qmanager/internal/telemetry/logger.go:88.26,90.3 1 1
qmanager/internal/telemetry/logger.go:94.63,96.15 2 1
qmanager/internal/telemetry/logger.go:96.15,98.3 1 1
qmanager/internal/telemetry/logger.go:99.2,99.20 1 1
qmanager/internal/telemetry/logger.go:103.102,107.18 3 1
qmanager/internal/telemetry/logger.go:107.18,109.3 1 0
qmanager/internal/telemetry/logger.go:111.2,118.31 6 1
qmanager/internal/telemetry/logger.go:118.31,122.77 3 1
qmanager/internal/telemetry/logger.go:122.77,123.12 1 1
qmanager/internal/telemetry/logger.go:125.3,125.89 1 1
qmanager/internal/telemetry/logger.go:125.89,126.12 1 1
qmanager/internal/telemetry/logger.go:128.3,128.136 1 1
qmanager/internal/telemetry/logger.go:128.136,129.12 1 1
qmanager/internal/telemetry/logger.go:132.3,132.31 1 1
qmanager/internal/telemetry/logger.go:135.2,135.34 1 1
qmanager/internal/telemetry/logger.go:135.34,138.3 1 0
qmanager/internal/telemetry/logger.go:140.2,140.15 1 1
qmanager/internal/telemetry/logger.go:144.70,147.28 3 1
qmanager/internal/telemetry/logger.go:147.28,149.3 1 1
qmanager/internal/telemetry/logger.go:150.2,150.14 1 1
qmanager/internal/telemetry/logger.go:154.36,159.2 4 1
qmanager/internal/telemetry/logger.go:162.40,166.2 3 1
qmanager/internal/telemetry/ping.go:42.71,43.18 1 1
qmanager/internal/telemetry/ping.go:43.18,45.3 1 0
qmanager/internal/telemetry/ping.go:46.2,46.37 1 1
qmanager/internal/telemetry/ping.go:46.37,48.3 1 1
qmanager/internal/telemetry/ping.go:49.2,56.3 1 1
qmanager/internal/telemetry/ping.go:60.30,62.15 2 1
qmanager/internal/telemetry/ping.go:62.15,65.3 2 1
qmanager/internal/telemetry/ping.go:66.2,69.13 3 1
qmanager/internal/telemetry/ping.go:73.29,76.16 3 1
qmanager/internal/telemetry/ping.go:76.16,78.3 1 1
qmanager/internal/telemetry/ping.go:79.2,80.17 2 1
qmanager/internal/telemetry/ping.go:84.45,95.16 5 1
qmanager/internal/telemetry/ping.go:95.16,97.3 1 1
qmanager/internal/telemetry/ping.go:97.8,99.3 1 1
qmanager/internal/telemetry/ping.go:101.2,102.36 2 1
qmanager/internal/telemetry/ping.go:102.36,104.3 1 0
qmanager/internal/telemetry/ping.go:105.2,110.20 4 1
qmanager/internal/telemetry/ping.go:110.20,112.3 1 1
qmanager/internal/telemetry/ping.go:113.2,114.21 2 1
qmanager/internal/telemetry/ping.go:114.21,116.3 1 1
qmanager/internal/telemetry/ping.go:118.2,128.15 2 1
qmanager/internal/telemetry/ping.go:132.43,142.25 5 1
qmanager/internal/telemetry/ping.go:142.25,144.3 1 1
qmanager/internal/telemetry/ping.go:146.2,152.30 5 1
qmanager/internal/telemetry/ping.go:152.30,153.16 1 1
qmanager/internal/telemetry/ping.go:153.16,157.28 4 1
qmanager/internal/telemetry/ping.go:157.28,159.5 1 1
qmanager/internal/telemetry/ping.go:160.4,160.28 1 1
qmanager/internal/telemetry/ping.go:160.28,162.5 1 1
qmanager/internal/telemetry/ping.go:163.4,163.33 1 1
qmanager/internal/telemetry/ping.go:167.2,170.22 3 1
qmanager/internal/telemetry/ping.go:170.22,176.25 4 1
qmanager/internal/telemetry/ping.go:176.25,178.40 2 1
qmanager/internal/telemetry/ping.go:178.40,180.5 1 1
qmanager/internal/telemetry/ping.go:181.4,181.56 1 1
qmanager/internal/telemetry/ping.go:183.8,185.3 1 1
qmanager/internal/telemetry/ping.go:187.2,187.14 1 1
qmanager/internal/telemetry/ping.go:190.29,196.6 4 1
qmanager/internal/telemetry/ping.go:196.6,197.10 1 1
qmanager/internal/telemetry/ping.go:198.19,199.10 1 1
qmanager/internal/telemetry/ping.go:200.19,201.17 1 0
qmanager/internal/telemetry/poller.go:251.92,252.37 1 1
qmanager/internal/telemetry/poller.go:252.37,254.3 1 1
qmanager/internal/telemetry/poller.go:255.2,261.3 1 1
qmanager/internal/telemetry/poller.go:264.58,302.2 1 1
qmanager/internal/telemetry/poller.go:305.26,307.15 2 1
qmanager/internal/telemetry/poller.go:307.15,310.3 2 1
qmanager/internal/telemetry/poller.go:311.2,314.13 3 1
qmanager/internal/telemetry/poller.go:318.25,321.16 3 1
qmanager/internal/telemetry/poller.go:321.16,323.3 1 1
qmanager/internal/telemetry/poller.go:324.2,325.17 2 1
qmanager/internal/telemetry/poller.go:328.25,334.6 4 1
qmanager/internal/telemetry/poller.go:334.6,335.10 1 1
qmanager/internal/telemetry/poller.go:336.19,337.10 1 1
qmanager/internal/telemetry/poller.go:338.19,339.12 1 0
qmanager/internal/telemetry/poller.go:345.43,349.2 3 1
qmanager/internal/telemetry/poller.go:351.25,362.40 8 1
qmanager/internal/telemetry/poller.go:362.40,365.3 2 0
qmanager/internal/telemetry/poller.go:367.2,426.76 2 1
qmanager/internal/telemetry/poller.go:426.76,427.66 1 1
qmanager/internal/telemetry/poller.go:427.66,495.21 32 1
qmanager/internal/telemetry/poller.go:495.21,497.5 1 1
qmanager/internal/telemetry/poller.go:502.2,502.65 1 1
qmanager/internal/telemetry/poller.go:502.65,511.31 8 1
qmanager/internal/telemetry/poller.go:511.31,513.48 2 1
qmanager/internal/telemetry/poller.go:513.48,515.5 1 1
qmanager/internal/telemetry/poller.go:517.3,518.67 2 1
qmanager/internal/telemetry/poller.go:522.2,522.22 1 1
qmanager/internal/telemetry/poller.go:522.22,523.62 1 1
qmanager/internal/telemetry/poller.go:523.62,524.53 1 1
qmanager/internal/telemetry/poller.go:524.53,527.5 2 1
qmanager/internal/telemetry/poller.go:531.2,537.28 5 1
qmanager/internal/telemetry/poller.go:537.28,539.3 1 1
qmanager/internal/telemetry/poller.go:540.2,540.28 1 1
qmanager/internal/telemetry/poller.go:540.28,542.3 1 1
qmanager/internal/telemetry/poller.go:543.2,543.28 1 1
qmanager/internal/telemetry/poller.go:543.28,545.3 1 1
qmanager/internal/telemetry/poller.go:547.2,557.58 2 1
qmanager/internal/telemetry/poller.go:560.62,562.16 2 1
qmanager/internal/telemetry/poller.go:562.16,564.3 1 0
qmanager/internal/telemetry/poller.go:565.2,565.39 1 1
qmanager/internal/telemetry/scheduler.go:21.36,23.2 1 1
qmanager/internal/telemetry/scheduler.go:26.63,27.21 1 1
qmanager/internal/telemetry/scheduler.go:27.21,29.3 1 0
qmanager/internal/telemetry/scheduler.go:30.2,30.33 1 1
qmanager/internal/telemetry/scheduler.go:34.78,36.21 2 1
qmanager/internal/telemetry/scheduler.go:36.21,38.3 1 0
qmanager/internal/telemetry/scheduler.go:39.2,41.70 3 1
qmanager/internal/telemetry/scheduler.go:41.70,43.3 1 0
qmanager/internal/telemetry/scheduler.go:45.2,49.14 4 1
qmanager/internal/telemetry/scheduler.go:49.14,51.3 1 1
qmanager/internal/telemetry/scheduler.go:52.2,52.16 1 1
qmanager/internal/telemetry/scheduler.go:52.16,54.3 1 1
qmanager/internal/telemetry/scheduler.go:55.2,55.29 1 1
qmanager/internal/telemetry/scheduler.go:59.69,60.26 1 1
qmanager/internal/telemetry/scheduler.go:60.26,62.3 1 0
qmanager/internal/telemetry/scheduler.go:63.2,64.55 2 1
qmanager/internal/telemetry/scheduler.go:64.55,65.44 1 1
qmanager/internal/telemetry/scheduler.go:65.44,67.4 1 1
qmanager/internal/telemetry/scheduler.go:69.2,69.14 1 1
qmanager/internal/telemetry/scheduler.go:113.76,120.48 1 1
qmanager/internal/telemetry/scheduler.go:120.48,123.5 2 0
qmanager/internal/telemetry/scheduler.go:124.52,127.5 2 0
qmanager/internal/telemetry/scheduler.go:128.52,131.5 2 0
qmanager/internal/telemetry/scheduler.go:132.52,135.5 2 0
qmanager/internal/telemetry/scheduler.go:136.34,138.19 2 0
qmanager/internal/telemetry/scheduler.go:138.19,140.6 1 0
qmanager/internal/telemetry/scheduler.go:141.5,141.14 1 0
qmanager/internal/telemetry/scheduler.go:143.34,145.5 1 0
qmanager/internal/telemetry/scheduler.go:151.51,155.2 3 1
qmanager/internal/telemetry/scheduler.go:158.53,162.2 3 1
qmanager/internal/telemetry/scheduler.go:165.29,167.15 2 1
qmanager/internal/telemetry/scheduler.go:167.15,170.3 2 1
qmanager/internal/telemetry/scheduler.go:171.2,174.13 3 1
qmanager/internal/telemetry/scheduler.go:178.28,181.16 3 1
qmanager/internal/telemetry/scheduler.go:181.16,183.3 1 1
qmanager/internal/telemetry/scheduler.go:184.2,185.17 2 1
qmanager/internal/telemetry/scheduler.go:188.28,192.6 3 1
qmanager/internal/telemetry/scheduler.go:192.6,193.10 1 1
qmanager/internal/telemetry/scheduler.go:194.19,195.10 1 1
qmanager/internal/telemetry/scheduler.go:196.19,197.16 1 0
qmanager/internal/telemetry/scheduler.go:203.32,210.20 6 1
qmanager/internal/telemetry/scheduler.go:210.20,212.3 1 1
qmanager/internal/telemetry/scheduler.go:214.2,215.22 2 1
qmanager/internal/telemetry/scheduler.go:215.22,217.3 1 1
qmanager/internal/telemetry/scheduler.go:217.8,219.3 1 0
qmanager/internal/telemetry/scheduler.go:222.2,222.21 1 1
qmanager/internal/telemetry/scheduler.go:222.21,224.3 1 1
qmanager/internal/telemetry/scheduler.go:226.2,228.32 3 1
qmanager/internal/telemetry/scheduler.go:231.64,233.62 2 1
qmanager/internal/telemetry/scheduler.go:233.62,235.3 1 1
qmanager/internal/telemetry/scheduler.go:238.2,238.53 1 1
qmanager/internal/telemetry/scheduler.go:238.53,240.3 1 0
qmanager/internal/telemetry/scheduler.go:243.2,243.51 1 1
qmanager/internal/telemetry/scheduler.go:243.51,245.3 1 0
qmanager/internal/telemetry/scheduler.go:248.2,250.29 3 1
qmanager/internal/telemetry/scheduler.go:250.29,253.3 2 1
qmanager/internal/telemetry/scheduler.go:254.2,259.63 4 1
qmanager/internal/telemetry/scheduler.go:259.63,262.3 2 0
qmanager/internal/telemetry/scheduler.go:264.2,264.21 1 1
qmanager/internal/telemetry/scheduler.go:264.21,268.3 3 1
qmanager/internal/telemetry/scheduler.go:271.71,277.16 5 1
qmanager/internal/telemetry/scheduler.go:277.16,279.3 1 0
qmanager/internal/telemetry/scheduler.go:281.2,282.53 2 1
qmanager/internal/telemetry/scheduler.go:282.53,284.3 1 0
qmanager/internal/telemetry/scheduler.go:286.2,286.29 1 1
qmanager/internal/telemetry/scheduler.go:286.29,288.3 1 0
qmanager/internal/telemetry/scheduler.go:291.2,291.34 1 1
qmanager/internal/telemetry/scheduler.go:291.34,294.41 3 1
qmanager/internal/telemetry/scheduler.go:294.41,295.19 1 1
qmanager/internal/telemetry/scheduler.go:295.19,297.10 2 1
qmanager/internal/telemetry/scheduler.go:300.3,300.16 1 1
qmanager/internal/telemetry/scheduler.go:300.16,302.4 1 0
qmanager/internal/telemetry/scheduler.go:306.2,306.89 1 1
qmanager/internal/telemetry/scheduler.go:306.89,309.29 3 1
qmanager/internal/telemetry/scheduler.go:309.29,314.22 4 1
qmanager/internal/telemetry/scheduler.go:314.22,318.5 3 1
qmanager/internal/telemetry/scheduler.go:319.9,321.4 1 1
qmanager/internal/telemetry/scheduler.go:322.3,322.9 1 1
qmanager/internal/telemetry/scheduler.go:326.2,326.85 1 1
qmanager/internal/telemetry/scheduler.go:326.85,329.29 3 1
qmanager/internal/telemetry/scheduler.go:329.29,334.22 4 1
qmanager/internal/telemetry/scheduler.go:334.22,338.5 3 1
qmanager/internal/telemetry/scheduler.go:339.9,341.4 1 0
qmanager/internal/telemetry/scheduler.go:345.68,347.64 2 1
qmanager/internal/telemetry/scheduler.go:347.64,349.3 1 1
qmanager/internal/telemetry/scheduler.go:351.2,351.52 1 1
qmanager/internal/telemetry/scheduler.go:351.52,353.3 1 0
qmanager/internal/telemetry/scheduler.go:355.2,357.29 3 1
qmanager/internal/telemetry/scheduler.go:357.29,360.3 2 1
qmanager/internal/telemetry/scheduler.go:361.2,365.21 4 1
qmanager/internal/telemetry/scheduler.go:365.21,369.3 3 1
qmanager/internal/telemetry/sms_forwarder.go:121.85,123.19 2 1
qmanager/internal/telemetry/sms_forwarder.go:123.19,125.3 1 1
qmanager/internal/telemetry/sms_forwarder.go:126.2,127.20 2 1
qmanager/internal/telemetry/sms_forwarder.go:127.20,129.3 1 1
qmanager/internal/telemetry/sms_forwarder.go:130.2,131.20 2 1
qmanager/internal/telemetry/sms_forwarder.go:131.20,133.3 1 1
qmanager/internal/telemetry/sms_forwarder.go:134.2,135.20 2 1
qmanager/internal/telemetry/sms_forwarder.go:135.20,137.3 1 1
qmanager/internal/telemetry/sms_forwarder.go:138.2,139.17 2 1
qmanager/internal/telemetry/sms_forwarder.go:139.17,141.3 1 1
qmanager/internal/telemetry/sms_forwarder.go:143.2,155.3 1 1
qmanager/internal/telemetry/sms_forwarder.go:159.32,161.15 2 1
qmanager/internal/telemetry/sms_forwarder.go:161.15,164.3 2 1
qmanager/internal/telemetry/sms_forwarder.go:165.2,169.13 4 1
qmanager/internal/telemetry/sms_forwarder.go:173.31,176.16 3 1
qmanager/internal/telemetry/sms_forwarder.go:176.16,178.3 1 1
qmanager/internal/telemetry/sms_forwarder.go:179.2,180.17 2 1
qmanager/internal/telemetry/sms_forwarder.go:183.31,186.16 2 1
qmanager/internal/telemetry/sms_forwarder.go:186.16,188.3 1 0
qmanager/internal/telemetry/sms_forwarder.go:190.2,193.6 3 1
qmanager/internal/telemetry/sms_forwarder.go:193.6,194.10 1 1
qmanager/internal/telemetry/sms_forwarder.go:195.19,196.10 1 1
qmanager/internal/telemetry/sms_forwarder.go:197.19,198.21 1 0
qmanager/internal/telemetry/sms_forwarder.go:203.46,206.2 2 1
qmanager/internal/telemetry/sms_forwarder.go:208.38,210.16 2 1
qmanager/internal/telemetry/sms_forwarder.go:210.16,212.3 1 0
qmanager/internal/telemetry/sms_forwarder.go:213.2,214.26 2 1
qmanager/internal/telemetry/sms_forwarder.go:214.26,216.14 2 1
qmanager/internal/telemetry/sms_forwarder.go:216.14,218.4 1 1
qmanager/internal/telemetry/sms_forwarder.go:222.53,225.16 3 1
qmanager/internal/telemetry/sms_forwarder.go:225.16,228.3 2 1
qmanager/internal/telemetry/sms_forwarder.go:231.59,233.16 2 1
qmanager/internal/telemetry/sms_forwarder.go:233.16,235.3 1 0
qmanager/internal/telemetry/sms_forwarder.go:236.2,237.51 2 1
qmanager/internal/telemetry/sms_forwarder.go:237.51,239.3 1 0
qmanager/internal/telemetry/sms_forwarder.go:240.2,240.12 1 1
qmanager/internal/telemetry/sms_forwarder.go:243.48,245.31 2 1
qmanager/internal/telemetry/sms_forwarder.go:245.31,247.3 1 0
qmanager/internal/telemetry/sms_forwarder.go:249.2,253.16 4 1
qmanager/internal/telemetry/sms_forwarder.go:253.16,255.3 1 0
qmanager/internal/telemetry/sms_forwarder.go:257.2,257.31 1 1
qmanager/internal/telemetry/sms_forwarder.go:257.31,259.20 2 1
qmanager/internal/telemetry/sms_forwarder.go:259.20,260.12 1 1
qmanager/internal/telemetry/sms_forwarder.go:263.3,263.15 1 1
qmanager/internal/telemetry/sms_forwarder.go:263.15,265.12 2 1
qmanager/internal/telemetry/sms_forwarder.go:269.3,269.34 1 1
qmanager/internal/telemetry/sms_forwarder.go:269.34,271.12 2 0
qmanager/internal/telemetry/sms_forwarder.go:275.3,275.87 1 1
qmanager/internal/telemetry/sms_forwarder.go:275.87,277.12 2 0
qmanager/internal/telemetry/sms_forwarder.go:280.3,284.68 3 1
qmanager/internal/telemetry/sms_forwarder.go:284.68,286.73 2 1
qmanager/internal/telemetry/sms_forwarder.go:286.73,289.5 2 0
qmanager/internal/telemetry/sms_forwarder.go:293.3,293.49 1 1
qmanager/internal/telemetry/sms_forwarder.go:293.49,294.61 1 0
qmanager/internal/telemetry/sms_forwarder.go:294.61,297.5 2 0
qmanager/internal/telemetry/sms_forwarder.go:301.3,301.49 1 1
qmanager/internal/telemetry/sms_forwarder.go:301.49,302.66 1 1
qmanager/internal/telemetry/sms_forwarder.go:302.66,305.5 2 0
qmanager/internal/telemetry/sms_forwarder.go:309.3,309.25 1 1
qmanager/internal/telemetry/sms_forwarder.go:309.25,311.33 2 1
qmanager/internal/telemetry/sms_forwarder.go:311.33,313.5 1 1
qmanager/internal/telemetry/sms_forwarder.go:316.3,318.42 2 1
qmanager/internal/telemetry/sms_forwarder.go:318.42,320.4 1 0
qmanager/internal/telemetry/sms_forwarder.go:324.97,326.31 2 1
qmanager/internal/telemetry/sms_forwarder.go:326.31,330.3 3 1
qmanager/internal/telemetry/sms_forwarder.go:332.2,332.25 1 1
qmanager/internal/telemetry/sms_forwarder.go:333.15,334.60 1 0
qmanager/internal/telemetry/sms_forwarder.go:335.15,336.44 1 0
qmanager/internal/telemetry/sms_forwarder.go:337.17,338.51 1 1
qmanager/internal/telemetry/sms_forwarder.go:342.94,344.44 2 1
qmanager/internal/telemetry/sms_forwarder.go:344.44,345.22 1 1
qmanager/internal/telemetry/sms_forwarder.go:345.22,347.47 2 1
qmanager/internal/telemetry/sms_forwarder.go:347.47,349.51 2 1
qmanager/internal/telemetry/sms_forwarder.go:349.51,352.14 3 1
qmanager/internal/telemetry/sms_forwarder.go:357.3,359.51 2 1
qmanager/internal/telemetry/sms_forwarder.go:359.51,362.18 3 0
qmanager/internal/telemetry/sms_forwarder.go:362.18,364.5 1 0
qmanager/internal/telemetry/sms_forwarder.go:365.4,365.88 1 0
qmanager/internal/telemetry/sms_forwarder.go:366.9,366.29 1 1
qmanager/internal/telemetry/sms_forwarder.go:366.29,370.73 4 1
qmanager/internal/telemetry/sms_forwarder.go:370.73,372.5 1 1
qmanager/internal/telemetry/sms_forwarder.go:373.4,374.18 2 1
qmanager/internal/telemetry/sms_forwarder.go:374.18,376.5 1 0
qmanager/internal/telemetry/sms_forwarder.go:377.4,377.63 1 1
qmanager/internal/telemetry/sms_forwarder.go:380.3,380.30 1 1
qmanager/internal/telemetry/sms_forwarder.go:383.2,383.16 1 1
qmanager/internal/telemetry/sms_forwarder.go:386.36,388.26 2 1
qmanager/internal/telemetry/sms_forwarder.go:388.26,390.70 2 1
qmanager/internal/telemetry/sms_forwarder.go:390.70,392.23 2 1
qmanager/internal/telemetry/sms_forwarder.go:392.23,394.35 2 1
qmanager/internal/telemetry/sms_forwarder.go:394.35,396.6 1 1
qmanager/internal/telemetry/sms_forwarder.go:400.2,400.14 1 1
qmanager/internal/telemetry/sms_forwarder.go:403.71,410.44 6 1
qmanager/internal/telemetry/sms_forwarder.go:410.44,412.3 1 1
qmanager/internal/telemetry/sms_forwarder.go:413.2,413.16 1 0
qmanager/internal/telemetry/sms_forwarder.go:413.16,415.3 1 0
qmanager/internal/telemetry/sms_forwarder.go:416.2,416.16 1 0
qmanager/internal/telemetry/sms_forwarder.go:416.16,418.3 1 0
qmanager/internal/telemetry/sms_forwarder.go:420.2,426.72 5 0
qmanager/internal/telemetry/sms_forwarder.go:429.96,439.16 3 1
qmanager/internal/telemetry/sms_forwarder.go:439.16,441.3 1 0
qmanager/internal/telemetry/sms_forwarder.go:443.2,444.16 2 1
qmanager/internal/telemetry/sms_forwarder.go:444.16,446.3 1 0
qmanager/internal/telemetry/sms_forwarder.go:447.2,451.16 4 1
qmanager/internal/telemetry/sms_forwarder.go:451.16,453.3 1 0
qmanager/internal/telemetry/sms_forwarder.go:454.2,456.28 2 1
qmanager/internal/telemetry/sms_forwarder.go:456.28,458.3 1 1
qmanager/internal/telemetry/sms_forwarder.go:459.2,459.12 1 1
qmanager/internal/telemetry/sms_forwarder.go:462.61,465.16 3 1
qmanager/internal/telemetry/sms_forwarder.go:465.16,467.3 1 0
qmanager/internal/telemetry/sms_forwarder.go:469.2,476.43 3 1
qmanager/internal/telemetry/sms_forwarder.go:476.43,478.3 1 0
qmanager/internal/telemetry/sms_forwarder.go:480.2,481.16 2 1
qmanager/internal/telemetry/sms_forwarder.go:481.16,483.3 1 1
qmanager/internal/telemetry/sms_forwarder.go:484.2,484.74 1 1
qmanager/internal/telemetry/sms_forwarder.go:488.137,489.48 1 1
qmanager/internal/telemetry/sms_forwarder.go:489.48,495.45 5 0
qmanager/internal/telemetry/sms_forwarder.go:495.45,497.4 1 0
qmanager/internal/telemetry/sms_forwarder.go:499.3,500.45 2 0
qmanager/internal/telemetry/sms_forwarder.go:500.45,502.4 1 0
qmanager/internal/telemetry/sms_forwarder.go:504.3,518.9 7 0
qmanager/internal/telemetry/sms_forwarder.go:521.2,521.19 1 1
qmanager/internal/telemetry/sms_forwarder.go:521.19,527.43 5 1
qmanager/internal/telemetry/sms_forwarder.go:527.43,531.18 4 1
qmanager/internal/telemetry/sms_forwarder.go:531.18,534.5 2 1
qmanager/internal/telemetry/sms_forwarder.go:537.3,543.9 2 1
qmanager/internal/telemetry/sms_forwarder.go:546.2,546.77 1 0
qmanager/internal/telemetry/sms_forwarder.go:550.95,553.16 3 1
qmanager/internal/telemetry/sms_forwarder.go:553.16,555.3 1 1
qmanager/internal/telemetry/sms_forwarder.go:556.2,556.46 1 0
qmanager/internal/telemetry/sms_forwarder.go:560.57,563.26 3 1
qmanager/internal/telemetry/sms_forwarder.go:563.26,565.36 2 1
qmanager/internal/telemetry/sms_forwarder.go:565.36,568.4 2 1
qmanager/internal/telemetry/sms_forwarder.go:568.9,568.44 1 1
qmanager/internal/telemetry/sms_forwarder.go:568.44,571.4 2 1
qmanager/internal/telemetry/sms_forwarder.go:573.2,573.13 1 1
qmanager/internal/telemetry/sms_forwarder.go:577.66,580.48 3 1
qmanager/internal/telemetry/sms_forwarder.go:580.48,582.41 2 1
qmanager/internal/telemetry/sms_forwarder.go:582.41,583.12 1 1
qmanager/internal/telemetry/sms_forwarder.go:585.3,586.40 2 1
qmanager/internal/telemetry/sms_forwarder.go:586.40,590.39 4 1
qmanager/internal/telemetry/sms_forwarder.go:590.39,592.5 1 1
qmanager/internal/telemetry/sms_forwarder.go:592.10,592.46 1 1
qmanager/internal/telemetry/sms_forwarder.go:592.46,594.5 1 1
qmanager/internal/telemetry/sms_forwarder.go:597.2,597.15 1 1
qmanager/internal/telemetry/sms_forwarder.go:601.81,611.32 4 1
qmanager/internal/telemetry/sms_forwarder.go:611.32,612.43 1 1
qmanager/internal/telemetry/sms_forwarder.go:612.43,615.4 2 1
qmanager/internal/telemetry/sms_forwarder.go:615.9,617.4 1 1
qmanager/internal/telemetry/sms_forwarder.go:620.2,622.31 2 1
qmanager/internal/telemetry/sms_forwarder.go:622.31,625.20 3 1
qmanager/internal/telemetry/sms_forwarder.go:625.20,627.4 1 0
qmanager/internal/telemetry/sms_forwarder.go:628.3,634.5 1 1
qmanager/internal/telemetry/sms_forwarder.go:637.2,637.40 1 1
qmanager/internal/telemetry/sms_forwarder.go:637.40,638.41 1 1
qmanager/internal/telemetry/sms_forwarder.go:638.41,640.4 1 1
qmanager/internal/telemetry/sms_forwarder.go:641.3,645.30 5 1
qmanager/internal/telemetry/sms_forwarder.go:645.30,648.15 3 1
qmanager/internal/telemetry/sms_forwarder.go:648.15,650.5 1 1
qmanager/internal/telemetry/sms_forwarder.go:651.4,652.16 2 1
qmanager/internal/telemetry/sms_forwarder.go:652.16,654.5 1 1
qmanager/internal/telemetry/sms_forwarder.go:655.4,655.20 1 1
qmanager/internal/telemetry/sms_forwarder.go:655.20,657.5 1 1
qmanager/internal/telemetry/sms_forwarder.go:659.3,665.5 1 1
qmanager/internal/telemetry/sms_forwarder.go:668.2,668.15 1 1
qmanager/internal/telemetry/sms_forwarder.go:671.44,672.16 1 1
qmanager/internal/telemetry/sms_forwarder.go:672.16,674.3 1 1
qmanager/internal/telemetry/sms_forwarder.go:675.2,675.25 1 1
qmanager/internal/telemetry/sms_forwarder.go:676.15,677.23 1 1
qmanager/internal/telemetry/sms_forwarder.go:678.11,679.18 1 1
qmanager/internal/telemetry/sms_forwarder.go:680.14,682.14 2 1
qmanager/internal/telemetry/sms_forwarder.go:682.14,684.4 1 1
qmanager/internal/telemetry/sms_forwarder.go:685.3,686.46 2 1
qmanager/internal/telemetry/sms_forwarder.go:686.46,688.35 2 1
qmanager/internal/telemetry/sms_forwarder.go:688.35,690.22 2 1
qmanager/internal/telemetry/sms_forwarder.go:690.22,693.52 3 1
qmanager/internal/telemetry/sms_forwarder.go:693.52,694.37 1 1
qmanager/internal/telemetry/sms_forwarder.go:694.37,696.8 1 1
qmanager/internal/telemetry/sms_forwarder.go:697.7,697.15 1 1
qmanager/internal/telemetry/sms_forwarder.go:701.4,701.50 1 1
qmanager/internal/telemetry/sms_forwarder.go:701.50,703.5 1 1
qmanager/internal/telemetry/sms_forwarder.go:705.3,705.13 1 1
qmanager/internal/telemetry/sms_forwarder.go:706.21,708.26 2 1
qmanager/internal/telemetry/sms_forwarder.go:708.26,709.35 1 1
qmanager/internal/telemetry/sms_forwarder.go:709.35,711.5 1 1
qmanager/internal/telemetry/sms_forwarder.go:711.10,711.38 1 1
qmanager/internal/telemetry/sms_forwarder.go:711.38,713.5 1 1
qmanager/internal/telemetry/sms_forwarder.go:713.10,713.41 1 1
qmanager/internal/telemetry/sms_forwarder.go:713.41,715.5 1 1
qmanager/internal/telemetry/sms_forwarder.go:717.3,717.13 1 1
qmanager/internal/telemetry/sms_forwarder.go:719.2,719.16 1 0
qmanager/internal/telemetry/sms_forwarder.go:723.61,727.34 3 1
qmanager/internal/telemetry/sms_forwarder.go:727.34,729.41 2 1
qmanager/internal/telemetry/sms_forwarder.go:729.41,730.12 1 1
qmanager/internal/telemetry/sms_forwarder.go:733.3,735.21 3 1
qmanager/internal/telemetry/sms_forwarder.go:735.21,736.12 1 0
qmanager/internal/telemetry/sms_forwarder.go:739.3,742.22 4 1
qmanager/internal/telemetry/sms_forwarder.go:742.22,744.4 1 1
qmanager/internal/telemetry/sms_forwarder.go:746.3,747.23 2 1
qmanager/internal/telemetry/sms_forwarder.go:747.23,750.4 2 1
qmanager/internal/telemetry/sms_forwarder.go:752.3,758.5 1 1
qmanager/internal/telemetry/sms_forwarder.go:761.2,761.13 1 1
qmanager/internal/telemetry/sms_forwarder.go:765.41,766.39 1 1
qmanager/internal/telemetry/sms_forwarder.go:766.39,770.3 3 1
qmanager/internal/telemetry/sms_forwarder.go:773.42,775.67 2 1
qmanager/internal/telemetry/sms_forwarder.go:775.67,781.3 5 0
qmanager/internal/telemetry/sms_forwarder.go:782.2,782.11 1 1
qmanager/internal/telemetry/sms_forwarder.go:786.68,788.17 2 1
qmanager/internal/telemetry/sms_forwarder.go:788.17,790.3 1 1
qmanager/internal/telemetry/sms_forwarder.go:791.2,792.26 2 1
qmanager/internal/telemetry/sms_forwarder.go:792.26,793.25 1 1
qmanager/internal/telemetry/sms_forwarder.go:793.25,795.4 1 1
qmanager/internal/telemetry/sms_forwarder.go:795.9,795.34 1 1
qmanager/internal/telemetry/sms_forwarder.go:795.34,797.4 1 1
qmanager/internal/telemetry/sms_forwarder.go:799.2,800.17 2 1
qmanager/internal/telemetry/sms_forwarder.go:800.17,802.3 1 0
qmanager/internal/telemetry/sms_forwarder.go:804.2,804.35 1 1
qmanager/internal/telemetry/sms_forwarder.go:804.35,806.3 1 1
qmanager/internal/telemetry/sms_forwarder.go:808.2,808.36 1 1
qmanager/internal/telemetry/sms_forwarder.go:808.36,810.3 1 1
qmanager/internal/telemetry/sms_forwarder.go:812.2,812.63 1 1
qmanager/internal/telemetry/sms_forwarder.go:812.63,814.3 1 1
qmanager/internal/telemetry/sms_forwarder.go:816.2,816.14 1 0
qmanager/internal/telemetry/sms_forwarder.go:820.45,822.31 2 1
qmanager/internal/telemetry/sms_forwarder.go:822.31,824.3 1 1
qmanager/internal/telemetry/sms_forwarder.go:825.2,825.17 1 1
qmanager/internal/telemetry/sms_forwarder.go:825.17,827.3 1 1
qmanager/internal/telemetry/sms_forwarder.go:828.2,828.22 1 1
qmanager/internal/telemetry/sms_forwarder.go:828.22,829.25 1 1
qmanager/internal/telemetry/sms_forwarder.go:829.25,831.4 1 1
qmanager/internal/telemetry/sms_forwarder.go:833.2,833.13 1 1
qmanager/internal/telemetry/sms_forwarder.go:837.54,839.2 1 1
qmanager/internal/telemetry/sms_forwarder.go:842.42,843.42 1 1
qmanager/internal/telemetry/sms_forwarder.go:843.42,845.3 1 1
qmanager/internal/telemetry/sms_forwarder.go:846.2,847.19 2 1
qmanager/internal/telemetry/sms_forwarder.go:847.19,849.3 1 1
qmanager/internal/telemetry/sms_forwarder.go:850.2,852.27 3 1
qmanager/internal/telemetry/sms_forwarder.go:852.27,854.3 1 0
qmanager/internal/telemetry/sms_forwarder.go:855.2,855.32 1 1
qmanager/internal/telemetry/sms_forwarder.go:855.32,856.25 1 1
qmanager/internal/telemetry/sms_forwarder.go:856.25,858.4 1 0
qmanager/internal/telemetry/sms_forwarder.go:860.2,860.13 1 1
qmanager/internal/telemetry/sms_forwarder.go:864.73,867.30 3 1
qmanager/internal/telemetry/sms_forwarder.go:867.30,869.3 1 1
qmanager/internal/telemetry/sms_forwarder.go:870.2,870.29 1 1
qmanager/internal/telemetry/sms_forwarder.go:874.56,876.18 2 1
qmanager/internal/telemetry/sms_forwarder.go:876.18,878.3 1 1
qmanager/internal/telemetry/sms_forwarder.go:880.2,883.30 3 1
qmanager/internal/telemetry/sms_forwarder.go:883.30,885.15 2 1
qmanager/internal/telemetry/sms_forwarder.go:885.15,886.12 1 0
qmanager/internal/telemetry/sms_forwarder.go:888.3,888.38 1 1
qmanager/internal/telemetry/sms_forwarder.go:888.38,890.92 2 1
qmanager/internal/telemetry/sms_forwarder.go:890.92,892.5 1 1
qmanager/internal/telemetry/sms_forwarder.go:893.9,894.42 1 1
qmanager/internal/telemetry/sms_forwarder.go:894.42,896.5 1 1
qmanager/internal/telemetry/sms_forwarder.go:900.2,900.14 1 1
qmanager/internal/telemetry/sms_forwarder.go:904.93,906.26 2 1
qmanager/internal/telemetry/sms_forwarder.go:906.26,907.17 1 1
qmanager/internal/telemetry/sms_forwarder.go:907.17,908.12 1 1
qmanager/internal/telemetry/sms_forwarder.go:911.3,912.26 2 1
qmanager/internal/telemetry/sms_forwarder.go:912.26,915.20 2 1
qmanager/internal/telemetry/sms_forwarder.go:915.20,916.100 1 1
qmanager/internal/telemetry/sms_forwarder.go:916.100,918.6 1 1
qmanager/internal/telemetry/sms_forwarder.go:922.3,923.27 2 1
qmanager/internal/telemetry/sms_forwarder.go:923.27,925.4 1 1
qmanager/internal/telemetry/sms_forwarder.go:927.3,927.34 1 1
qmanager/internal/telemetry/sms_forwarder.go:927.34,929.4 1 1
qmanager/internal/telemetry/sms_forwarder.go:931.2,931.16 1 1
qmanager/internal/telemetry/watchdog.go:59.94,68.47 2 1
qmanager/internal/telemetry/watchdog.go:68.47,71.4 2 0
qmanager/internal/telemetry/watchdog.go:72.55,75.4 2 0
qmanager/internal/telemetry/watchdog.go:76.36,78.4 1 0
qmanager/internal/telemetry/watchdog.go:79.33,81.4 1 1
qmanager/internal/telemetry/watchdog.go:82.33,84.18 2 1
qmanager/internal/telemetry/watchdog.go:84.18,86.5 1 1
qmanager/internal/telemetry/watchdog.go:87.4,87.13 1 0
qmanager/internal/telemetry/watchdog.go:89.32,90.21 1 1
qmanager/internal/telemetry/watchdog.go:90.21,92.5 1 0
qmanager/internal/telemetry/watchdog.go:93.4,93.37 1 1
qmanager/internal/telemetry/watchdog.go:96.2,96.10 1 1
qmanager/internal/telemetry/watchdog.go:100.55,103.28 3 1
qmanager/internal/telemetry/watchdog.go:103.28,105.3 1 1
qmanager/internal/telemetry/watchdog.go:106.2,106.36 1 1
qmanager/internal/telemetry/watchdog.go:106.36,108.3 1 0
qmanager/internal/telemetry/watchdog.go:109.2,109.27 1 1
qmanager/internal/telemetry/watchdog.go:109.27,111.3 1 1
qmanager/internal/telemetry/watchdog.go:112.2,112.29 1 1
qmanager/internal/telemetry/watchdog.go:112.29,114.3 1 1
qmanager/internal/telemetry/watchdog.go:115.2,115.31 1 1
qmanager/internal/telemetry/watchdog.go:115.31,117.3 1 0
qmanager/internal/telemetry/watchdog.go:118.2,118.27 1 1
qmanager/internal/telemetry/watchdog.go:118.27,120.3 1 1
qmanager/internal/telemetry/watchdog.go:124.28,126.15 2 1
qmanager/internal/telemetry/watchdog.go:126.15,129.3 2 1
qmanager/internal/telemetry/watchdog.go:130.2,134.13 4 1
qmanager/internal/telemetry/watchdog.go:138.27,140.16 2 1
qmanager/internal/telemetry/watchdog.go:140.16,143.3 2 1
qmanager/internal/telemetry/watchdog.go:144.2,146.15 3 1
qmanager/internal/telemetry/watchdog.go:150.32,155.22 4 1
qmanager/internal/telemetry/watchdog.go:155.22,159.3 3 1
qmanager/internal/telemetry/watchdog.go:161.2,162.21 2 1
qmanager/internal/telemetry/watchdog.go:162.21,165.3 2 1
qmanager/internal/telemetry/watchdog.go:168.2,168.62 1 1
qmanager/internal/telemetry/watchdog.go:168.62,170.21 2 1
qmanager/internal/telemetry/watchdog.go:170.21,175.4 3 1
qmanager/internal/telemetry/watchdog.go:176.3,176.9 1 1
qmanager/internal/telemetry/watchdog.go:179.2,180.20 2 1
qmanager/internal/telemetry/watchdog.go:180.20,184.3 3 1
qmanager/internal/telemetry/watchdog.go:186.2,188.20 3 1
qmanager/internal/telemetry/watchdog.go:188.20,190.3 1 0
qmanager/internal/telemetry/watchdog.go:192.2,192.29 1 1
qmanager/internal/telemetry/watchdog.go:192.29,195.3 2 1
qmanager/internal/telemetry/watchdog.go:198.64,201.34 3 1
qmanager/internal/telemetry/watchdog.go:201.34,202.26 1 1
qmanager/internal/telemetry/watchdog.go:202.26,204.4 1 1
qmanager/internal/telemetry/watchdog.go:206.2,207.20 2 1
qmanager/internal/telemetry/watchdog.go:210.69,212.42 1 1
qmanager/internal/telemetry/watchdog.go:212.42,213.28 1 1
qmanager/internal/telemetry/watchdog.go:213.28,215.4 1 1
qmanager/internal/telemetry/watchdog.go:218.2,218.26 1 1
qmanager/internal/telemetry/watchdog.go:218.26,219.28 1 1
qmanager/internal/telemetry/watchdog.go:219.28,221.4 1 1
qmanager/internal/telemetry/watchdog.go:223.2,223.10 1 0
qmanager/internal/telemetry/watchdog.go:226.62,227.14 1 1
qmanager/internal/telemetry/watchdog.go:228.9,229.31 1 1
qmanager/internal/telemetry/watchdog.go:230.9,231.31 1 1
qmanager/internal/telemetry/watchdog.go:232.9,233.31 1 1
qmanager/internal/telemetry/watchdog.go:234.9,235.31 1 1
qmanager/internal/telemetry/watchdog.go:236.10,237.15 1 0
qmanager/internal/telemetry/watchdog.go:241.87,243.19 2 1
qmanager/internal/telemetry/watchdog.go:243.19,246.3 2 0
qmanager/internal/telemetry/watchdog.go:248.2,252.22 4 1
qmanager/internal/telemetry/watchdog.go:252.22,254.3 1 0
qmanager/internal/telemetry/watchdog.go:255.2,260.18 4 1
qmanager/internal/telemetry/watchdog.go:261.9,264.22 2 1
qmanager/internal/telemetry/watchdog.go:264.22,268.4 3 1
qmanager/internal/telemetry/watchdog.go:269.3,274.5 1 1
qmanager/internal/telemetry/watchdog.go:276.9,279.22 2 1
qmanager/internal/telemetry/watchdog.go:279.22,283.4 3 1
qmanager/internal/telemetry/watchdog.go:284.3,289.5 1 1
qmanager/internal/telemetry/watchdog.go:291.9,294.17 2 1
qmanager/internal/telemetry/watchdog.go:294.17,296.4 1 0
qmanager/internal/telemetry/watchdog.go:297.3,298.22 2 1
qmanager/internal/telemetry/watchdog.go:298.22,304.4 5 1
qmanager/internal/telemetry/watchdog.go:305.3,306.47 2 1
qmanager/internal/telemetry/watchdog.go:306.47,308.4 1 1
qmanager/internal/telemetry/watchdog.go:309.3,314.5 1 1
qmanager/internal/telemetry/watchdog.go:316.9,320.17 3 1
qmanager/internal/telemetry/watchdog.go:320.17,322.4 1 0
qmanager/internal/telemetry/watchdog.go:324.3,324.23 1 1
qmanager/internal/telemetry/watchdog.go:324.23,333.4 3 1
qmanager/internal/telemetry/watchdog.go:335.3,343.35 4 1
qmanager/internal/telemetry/watchdog.go:343.35,345.4 1 1
qmanager/internal/telemetry/watchdog.go:350.47,356.16 5 1
qmanager/internal/telemetry/watchdog.go:356.16,358.3 1 0
qmanager/internal/telemetry/watchdog.go:360.2,364.22 4 1
qmanager/internal/telemetry/watchdog.go:364.22,366.3 1 1
qmanager/internal/telemetry/watchdog.go:366.8,366.69 1 1
qmanager/internal/telemetry/watchdog.go:366.69,368.3 1 1
qmanager/internal/telemetry/watchdog.go:368.8,368.27 1 1
qmanager/internal/telemetry/watchdog.go:368.27,370.3 1 0
qmanager/internal/telemetry/watchdog.go:372.2,373.28 2 1
qmanager/internal/telemetry/watchdog.go:373.28,376.21 3 0
qmanager/internal/telemetry/watchdog.go:376.21,378.4 1 0
qmanager/internal/telemetry/watchdog.go:381.2,391.3 1 1
qmanager/internal/telemetry/watchdog.go:395.38,399.2 3 1
qmanager/internal/telemetry/watchdog.go:402.41,406.2 3 1
qmanager/internal/telemetry/watchdog.go:408.27,411.27 3 1
qmanager/internal/telemetry/watchdog.go:411.27,413.3 1 1
qmanager/internal/telemetry/watchdog.go:414.2,417.6 3 1
qmanager/internal/telemetry/watchdog.go:417.6,418.10 1 1
qmanager/internal/telemetry/watchdog.go:419.19,420.10 1 1
qmanager/internal/telemetry/watchdog.go:421.19,422.17 1 0
qmanager/internal/api/handlers/alerts_handler.go:19.40,52.2 1 1
qmanager/internal/api/handlers/alerts_handler.go:55.78,59.32 3 1
qmanager/internal/api/handlers/alerts_handler.go:59.32,89.3 2 1
qmanager/internal/api/handlers/alerts_handler.go:91.2,91.33 1 1
qmanager/internal/api/handlers/alerts_handler.go:91.33,100.66 2 1
qmanager/internal/api/handlers/alerts_handler.go:100.66,103.4 2 0
qmanager/internal/api/handlers/alerts_handler.go:105.3,105.25 1 1
qmanager/internal/api/handlers/alerts_handler.go:105.25,106.34 1 1
qmanager/internal/api/handlers/alerts_handler.go:106.34,108.5 1 1
qmanager/internal/api/handlers/alerts_handler.go:110.3,110.27 1 1
qmanager/internal/api/handlers/alerts_handler.go:110.27,111.36 1 1
qmanager/internal/api/handlers/alerts_handler.go:111.36,113.5 1 1
qmanager/internal/api/handlers/alerts_handler.go:115.3,115.29 1 1
qmanager/internal/api/handlers/alerts_handler.go:115.29,116.38 1 0
qmanager/internal/api/handlers/alerts_handler.go:116.38,118.5 1 0
qmanager/internal/api/handlers/alerts_handler.go:120.3,120.29 1 1
qmanager/internal/api/handlers/alerts_handler.go:120.29,122.4 1 0
qmanager/internal/api/handlers/alerts_handler.go:124.3,124.95 1 1
qmanager/internal/api/handlers/auth.go:21.58,22.27 1 1
qmanager/internal/api/handlers/auth.go:22.27,24.3 1 0
qmanager/internal/api/handlers/auth.go:25.2,29.3 1 1
qmanager/internal/api/handlers/auth.go:37.69,39.61 2 1
qmanager/internal/api/handlers/auth.go:39.61,42.3 2 1
qmanager/internal/api/handlers/auth.go:44.2,48.14 4 1
qmanager/internal/api/handlers/auth.go:48.14,51.3 2 1
qmanager/internal/api/handlers/auth.go:53.2,74.4 8 1
qmanager/internal/api/handlers/auth.go:78.69,80.44 2 1
qmanager/internal/api/handlers/auth.go:80.44,83.3 2 1
qmanager/internal/api/handlers/auth.go:85.2,88.4 1 1
qmanager/internal/api/handlers/auth.go:92.70,94.17 2 1
qmanager/internal/api/handlers/auth.go:94.17,98.3 3 1
qmanager/internal/api/handlers/auth.go:100.2,108.69 2 1
qmanager/internal/api/handlers/auth.go:112.56,114.2 1 1
qmanager/internal/api/handlers/auth.go:116.56,121.9 4 1
qmanager/internal/api/handlers/auth.go:121.9,123.3 1 1
qmanager/internal/api/handlers/auth.go:124.2,124.31 1 1
qmanager/internal/api/handlers/auth.go:127.60,128.55 1 1
qmanager/internal/api/handlers/auth.go:128.55,129.45 1 1
qmanager/internal/api/handlers/auth.go:129.45,131.4 1 1
qmanager/internal/api/handlers/auth.go:133.2,133.58 1 1
qmanager/internal/api/handlers/auth.go:133.58,135.3 1 1
qmanager/internal/api/handlers/auth.go:136.2,136.11 1 0
qmanager/internal/api/handlers/band_failover.go:19.52,26.2 1 1
qmanager/internal/api/handlers/band_failover.go:29.78,39.2 3 1
qmanager/internal/api/handlers/band_failover.go:42.78,51.28 5 1
qmanager/internal/api/handlers/band_failover.go:51.28,53.3 1 1
qmanager/internal/api/handlers/band_failover.go:53.8,55.3 1 0
qmanager/internal/api/handlers/band_failover.go:57.2,60.4 1 1
qmanager/internal/api/handlers/cell_scanner.go:48.73,52.2 1 1
qmanager/internal/api/handlers/cell_scanner.go:55.80,57.16 2 1
qmanager/internal/api/handlers/cell_scanner.go:57.16,61.3 3 0
qmanager/internal/api/handlers/cell_scanner.go:62.2,72.12 7 1
qmanager/internal/api/handlers/cell_scanner.go:72.12,73.16 1 1
qmanager/internal/api/handlers/cell_scanner.go:73.16,79.4 5 1
qmanager/internal/api/handlers/cell_scanner.go:82.3,83.58 2 1
qmanager/internal/api/handlers/cell_scanner.go:83.58,85.18 2 0
qmanager/internal/api/handlers/cell_scanner.go:85.18,87.5 1 0
qmanager/internal/api/handlers/cell_scanner.go:88.4,89.10 2 0
qmanager/internal/api/handlers/cell_scanner.go:92.3,94.17 3 1
qmanager/internal/api/handlers/cell_scanner.go:94.17,96.4 1 1
qmanager/internal/api/handlers/cell_scanner.go:99.2,102.4 1 1
qmanager/internal/api/handlers/cell_scanner.go:106.81,111.13 4 1
qmanager/internal/api/handlers/cell_scanner.go:111.13,116.3 2 0
qmanager/internal/api/handlers/cell_scanner.go:118.2,118.84 1 1
qmanager/internal/api/handlers/cell_scanner.go:118.84,124.3 2 0
qmanager/internal/api/handlers/cell_scanner.go:126.2,126.65 1 1
qmanager/internal/api/handlers/cell_scanner.go:126.65,128.57 2 1
qmanager/internal/api/handlers/cell_scanner.go:128.57,135.4 2 1
qmanager/internal/api/handlers/cell_scanner.go:138.2,140.4 1 0
qmanager/internal/api/handlers/cell_scanner.go:147.50,152.26 4 1
qmanager/internal/api/handlers/cell_scanner.go:152.26,154.39 2 1
qmanager/internal/api/handlers/cell_scanner.go:154.39,155.12 1 1
qmanager/internal/api/handlers/cell_scanner.go:158.3,160.22 3 1
qmanager/internal/api/handlers/cell_scanner.go:160.22,161.12 1 0
qmanager/internal/api/handlers/cell_scanner.go:164.3,172.70 8 1
qmanager/internal/api/handlers/cell_scanner.go:172.70,174.4 1 1
qmanager/internal/api/handlers/cell_scanner.go:176.3,182.23 6 1
qmanager/internal/api/handlers/cell_scanner.go:182.23,183.74 1 1
qmanager/internal/api/handlers/cell_scanner.go:183.74,185.5 1 1
qmanager/internal/api/handlers/cell_scanner.go:188.3,206.8 3 1
qmanager/internal/api/handlers/cell_scanner.go:209.2,209.14 1 1
qmanager/internal/api/handlers/cellular.go:20.90,25.2 1 1
qmanager/internal/api/handlers/cellular.go:28.74,31.2 2 1
qmanager/internal/api/handlers/cellular.go:38.79,40.82 2 1
qmanager/internal/api/handlers/cellular.go:40.82,43.3 2 1
qmanager/internal/api/handlers/cellular.go:45.2,46.16 2 1
qmanager/internal/api/handlers/cellular.go:46.16,54.3 2 0
qmanager/internal/api/handlers/cellular.go:56.2,60.4 1 1
qmanager/internal/api/handlers/cellular.go:64.76,66.16 2 1
qmanager/internal/api/handlers/cellular.go:66.16,69.3 2 0
qmanager/internal/api/handlers/cellular.go:71.2,73.4 1 1
qmanager/internal/api/handlers/cellular.go:82.77,84.61 2 1
qmanager/internal/api/handlers/cellular.go:84.61,87.3 2 0
qmanager/internal/api/handlers/cellular.go:89.2,90.27 2 1
qmanager/internal/api/handlers/cellular.go:90.27,93.3 2 1
qmanager/internal/api/handlers/cellular.go:94.2,94.26 1 1
qmanager/internal/api/handlers/cellular.go:94.26,97.3 2 1
qmanager/internal/api/handlers/cellular.go:99.2,99.27 1 1
qmanager/internal/api/handlers/cellular.go:99.27,100.47 1 1
qmanager/internal/api/handlers/cellular.go:100.47,103.4 2 0
qmanager/internal/api/handlers/cellular.go:106.2,106.72 1 1
qmanager/internal/api/handlers/cellular.go:110.77,119.61 3 1
qmanager/internal/api/handlers/cellular.go:119.61,122.3 2 1
qmanager/internal/api/handlers/cellular.go:124.2,125.22 2 1
qmanager/internal/api/handlers/cellular.go:125.22,127.15 2 1
qmanager/internal/api/handlers/cellular.go:127.15,129.4 1 0
qmanager/internal/api/handlers/cellular.go:130.3,130.86 1 1
qmanager/internal/api/handlers/cellular.go:131.8,133.3 1 1
qmanager/internal/api/handlers/cellular.go:135.2,135.48 1 1
qmanager/internal/api/handlers/cellular.go:135.48,138.3 2 1
qmanager/internal/api/handlers/cellular.go:140.2,140.71 1 1
qmanager/internal/api/handlers/cellular.go:144.79,151.25 2 1
qmanager/internal/api/handlers/cellular.go:151.25,153.3 1 1
qmanager/internal/api/handlers/cellular.go:155.2,155.65 1 1
qmanager/internal/api/handlers/cellular_apn.go:60.100,65.2 1 1
qmanager/internal/api/handlers/cellular_apn.go:68.77,72.16 3 1
qmanager/internal/api/handlers/cellular_apn.go:72.16,74.3 1 1
qmanager/internal/api/handlers/cellular_apn.go:77.2,91.45 9 1
qmanager/internal/api/handlers/cellular_apn.go:91.45,98.23 6 1
qmanager/internal/api/handlers/cellular_apn.go:98.23,100.4 1 1
qmanager/internal/api/handlers/cellular_apn.go:102.3,121.5 3 1
qmanager/internal/api/handlers/cellular_apn.go:124.2,125.22 2 1
qmanager/internal/api/handlers/cellular_apn.go:125.22,127.3 1 0
qmanager/internal/api/handlers/cellular_apn.go:129.2,143.30 2 1
qmanager/internal/api/handlers/cellular_apn.go:161.78,163.65 2 1
qmanager/internal/api/handlers/cellular_apn.go:163.65,166.3 2 1
qmanager/internal/api/handlers/cellular_apn.go:168.2,168.24 1 1
qmanager/internal/api/handlers/cellular_apn.go:169.20,170.24 1 1
qmanager/internal/api/handlers/cellular_apn.go:171.16,172.29 1 1
qmanager/internal/api/handlers/cellular_apn.go:173.14,174.27 1 1
qmanager/internal/api/handlers/cellular_apn.go:175.10,176.52 1 0
qmanager/internal/api/handlers/cellular_apn.go:180.70,182.25 2 1
qmanager/internal/api/handlers/cellular_apn.go:182.25,188.3 2 0
qmanager/internal/api/handlers/cellular_apn.go:190.2,191.37 2 1
qmanager/internal/api/handlers/cellular_apn.go:191.37,193.3 1 0
qmanager/internal/api/handlers/cellular_apn.go:194.2,195.17 2 1
qmanager/internal/api/handlers/cellular_apn.go:195.17,197.3 1 0
qmanager/internal/api/handlers/cellular_apn.go:200.2,201.16 2 1
qmanager/internal/api/handlers/cellular_apn.go:201.16,204.3 2 0
qmanager/internal/api/handlers/cellular_apn.go:206.2,213.4 4 1
qmanager/internal/api/handlers/cellular_apn.go:216.84,218.37 2 1
qmanager/internal/api/handlers/cellular_apn.go:218.37,221.3 2 0
qmanager/internal/api/handlers/cellular_apn.go:222.2,222.22 1 1
qmanager/internal/api/handlers/cellular_apn.go:222.22,225.3 2 0
qmanager/internal/api/handlers/cellular_apn.go:227.2,228.16 2 1
qmanager/internal/api/handlers/cellular_apn.go:228.16,230.3 1 1
qmanager/internal/api/handlers/cellular_apn.go:232.2,233.46 2 1
qmanager/internal/api/handlers/cellular_apn.go:233.46,236.3 2 0
qmanager/internal/api/handlers/cellular_apn.go:238.2,238.71 1 1
qmanager/internal/api/handlers/cellular_apn.go:241.82,243.37 2 1
qmanager/internal/api/handlers/cellular_apn.go:243.37,245.3 1 1
qmanager/internal/api/handlers/cellular_apn.go:248.2,251.18 3 1
qmanager/internal/api/handlers/cellular_apn.go:251.18,253.3 1 1
qmanager/internal/api/handlers/cellular_apn.go:254.2,254.15 1 1
qmanager/internal/api/handlers/cellular_apn.go:254.15,257.3 2 0
qmanager/internal/api/handlers/cellular_apn.go:258.2,258.33 1 1
qmanager/internal/api/handlers/cellular_apn.go:258.33,261.3 2 1
qmanager/internal/api/handlers/cellular_apn.go:263.2,264.42 2 1
qmanager/internal/api/handlers/cellular_apn.go:264.42,266.3 1 1
qmanager/internal/api/handlers/cellular_apn.go:267.2,268.17 2 1
qmanager/internal/api/handlers/cellular_apn.go:268.17,271.3 2 1
qmanager/internal/api/handlers/cellular_apn.go:273.2,273.18 1 1
qmanager/internal/api/handlers/cellular_apn.go:273.18,275.37 1 0
qmanager/internal/api/handlers/cellular_apn.go:275.37,279.4 3 0
qmanager/internal/api/handlers/cellular_apn.go:280.3,280.24 1 0
qmanager/internal/api/handlers/cellular_apn.go:280.24,283.25 3 0
qmanager/internal/api/handlers/cellular_apn.go:283.25,285.5 1 0
qmanager/internal/api/handlers/cellular_apn.go:286.4,287.25 2 0
qmanager/internal/api/handlers/cellular_apn.go:287.25,289.5 1 0
qmanager/internal/api/handlers/cellular_apn.go:290.4,291.35 2 0
qmanager/internal/api/handlers/cellular_apn.go:296.2,297.16 2 1
qmanager/internal/api/handlers/cellular_apn.go:297.16,300.3 2 0
qmanager/internal/api/handlers/cellular_apn.go:303.2,314.4 3 1
qmanager/internal/api/handlers/cellular_apn.go:318.103,322.52 3 1
qmanager/internal/api/handlers/cellular_apn.go:322.52,324.3 1 0
qmanager/internal/api/handlers/cellular_apn.go:327.2,331.52 3 1
qmanager/internal/api/handlers/cellular_apn.go:331.52,333.3 1 0
qmanager/internal/api/handlers/cellular_apn.go:335.2,339.44 3 1
qmanager/internal/api/handlers/cellular_apn.go:339.44,341.52 2 1
qmanager/internal/api/handlers/cellular_apn.go:341.52,343.9 2 1
qmanager/internal/api/handlers/cellular_apn.go:345.3,345.30 1 0
qmanager/internal/api/handlers/cellular_apn.go:347.2,347.15 1 1
qmanager/internal/api/handlers/cellular_apn.go:347.15,349.3 1 0
qmanager/internal/api/handlers/cellular_apn.go:351.2,351.29 1 1
qmanager/internal/api/handlers/cellular_apn.go:351.29,353.3 1 1
qmanager/internal/api/handlers/cellular_apn.go:356.2,357.44 2 1
qmanager/internal/api/handlers/cellular_apn.go:357.44,360.17 3 1
qmanager/internal/api/handlers/cellular_apn.go:360.17,362.27 2 1
qmanager/internal/api/handlers/cellular_apn.go:362.27,363.10 1 0
qmanager/internal/api/handlers/cellular_apn.go:368.2,368.67 1 1
qmanager/internal/api/handlers/cellular_apn.go:368.67,371.3 1 0
qmanager/internal/api/handlers/cellular_apn.go:373.2,373.12 1 1
qmanager/internal/api/handlers/cellular_apn.go:378.43,379.16 1 1
qmanager/internal/api/handlers/cellular_apn.go:379.16,380.33 1 1
qmanager/internal/api/handlers/cellular_apn.go:380.33,382.4 1 1
qmanager/internal/api/handlers/cellular_apn.go:383.3,383.32 1 1
qmanager/internal/api/handlers/cellular_apn.go:383.32,384.45 1 1
qmanager/internal/api/handlers/cellular_apn.go:384.45,386.5 1 1
qmanager/internal/api/handlers/cellular_apn.go:389.2,389.18 1 1
qmanager/internal/api/handlers/cellular_apn.go:389.18,390.37 1 1
qmanager/internal/api/handlers/cellular_apn.go:390.37,392.4 1 1
qmanager/internal/api/handlers/cellular_apn.go:393.3,393.34 1 1
qmanager/internal/api/handlers/cellular_apn.go:393.34,394.45 1 1
qmanager/internal/api/handlers/cellular_apn.go:394.45,396.5 1 1
qmanager/internal/api/handlers/cellular_apn.go:399.2,399.10 1 1
qmanager/internal/api/handlers/cellular_apn.go:402.39,403.30 1 1
qmanager/internal/api/handlers/cellular_apn.go:404.12,405.16 1 1
qmanager/internal/api/handlers/cellular_apn.go:406.14,407.16 1 1
qmanager/internal/api/handlers/cellular_apn.go:408.10,409.18 1 1
qmanager/internal/api/handlers/cellular_apn.go:413.33,414.30 1 1
qmanager/internal/api/handlers/cellular_apn.go:415.14,416.14 1 1
qmanager/internal/api/handlers/cellular_apn.go:417.14,418.16 1 1
qmanager/internal/api/handlers/cellular_apn.go:419.16,420.18 1 1
qmanager/internal/api/handlers/cellular_apn.go:421.10,422.12 1 1
qmanager/internal/api/handlers/cellular_apn.go:426.38,427.30 1 1
qmanager/internal/api/handlers/cellular_apn.go:428.14,429.13 1 1
qmanager/internal/api/handlers/cellular_apn.go:430.14,431.13 1 1
qmanager/internal/api/handlers/cellular_apn.go:432.10,433.13 1 1
qmanager/internal/api/handlers/cellular_apn.go:437.35,438.31 1 1
qmanager/internal/api/handlers/cellular_apn.go:439.13,440.13 1 1
qmanager/internal/api/handlers/cellular_apn.go:441.14,442.13 1 1
qmanager/internal/api/handlers/cellular_apn.go:443.10,444.13 1 1
qmanager/internal/api/handlers/cellular_apn.go:448.41,449.30 1 1
qmanager/internal/api/handlers/cellular_apn.go:450.13,451.15 1 1
qmanager/internal/api/handlers/cellular_apn.go:452.13,453.21 1 1
qmanager/internal/api/handlers/cellular_apn.go:454.10,455.12 1 1
qmanager/internal/api/handlers/cellular_apn.go:459.75,461.26 2 1
qmanager/internal/api/handlers/cellular_apn.go:461.26,463.35 2 1
qmanager/internal/api/handlers/cellular_apn.go:463.35,465.23 2 1
qmanager/internal/api/handlers/cellular_apn.go:465.23,467.5 1 1
qmanager/internal/api/handlers/cellular_apn.go:468.4,468.23 1 1
qmanager/internal/api/handlers/cellular_apn.go:468.23,470.5 1 1
qmanager/internal/api/handlers/cellular_apn.go:471.4,471.10 1 1
qmanager/internal/api/handlers/cellular_apn.go:474.2,474.15 1 1
qmanager/internal/api/handlers/cellular_apn.go:477.55,479.26 2 1
qmanager/internal/api/handlers/cellular_apn.go:479.26,481.35 2 1
qmanager/internal/api/handlers/cellular_apn.go:481.35,483.23 2 1
qmanager/internal/api/handlers/cellular_apn.go:483.23,485.18 2 1
qmanager/internal/api/handlers/cellular_apn.go:485.18,487.6 1 1
qmanager/internal/api/handlers/cellular_apn.go:489.4,489.12 1 1
qmanager/internal/api/handlers/cellular_apn.go:492.3,492.38 1 1
qmanager/internal/api/handlers/cellular_apn.go:492.38,495.23 3 1
qmanager/internal/api/handlers/cellular_apn.go:495.23,498.33 3 1
qmanager/internal/api/handlers/cellular_apn.go:498.33,500.6 1 0
qmanager/internal/api/handlers/cellular_apn.go:504.2,504.10 1 1
qmanager/internal/api/handlers/cellular_apn.go:507.50,510.26 2 1
qmanager/internal/api/handlers/cellular_apn.go:510.26,512.42 2 1
qmanager/internal/api/handlers/cellular_apn.go:512.42,515.22 3 1
qmanager/internal/api/handlers/cellular_apn.go:515.22,517.64 2 1
qmanager/internal/api/handlers/cellular_apn.go:517.64,519.6 1 1
qmanager/internal/api/handlers/cellular_apn.go:523.2,523.10 1 1
qmanager/internal/api/handlers/cellular_apn.go:526.65,528.26 2 1
qmanager/internal/api/handlers/cellular_apn.go:528.26,530.42 2 1
qmanager/internal/api/handlers/cellular_apn.go:530.42,533.23 3 1
qmanager/internal/api/handlers/cellular_apn.go:533.23,536.39 3 1
qmanager/internal/api/handlers/cellular_apn.go:536.39,538.6 1 1
qmanager/internal/api/handlers/cellular_apn.go:542.2,542.11 1 1
qmanager/internal/api/handlers/cellular_apn.go:545.34,547.16 2 1
qmanager/internal/api/handlers/cellular_apn.go:547.16,549.3 1 0
qmanager/internal/api/handlers/cellular_apn.go:550.2,551.49 2 1
qmanager/internal/api/handlers/cellular_apn.go:551.49,553.3 1 0
qmanager/internal/api/handlers/cellular_apn.go:554.2,554.16 1 1
qmanager/internal/api/handlers/cellular_apn.go:554.16,556.3 1 0
qmanager/internal/api/handlers/cellular_apn.go:557.2,557.21 1 1
qmanager/internal/api/handlers/cellular_apn.go:557.21,559.3 1 0
qmanager/internal/api/handlers/cellular_apn.go:560.2,560.10 1 1
qmanager/internal/api/handlers/cellular_apn.go:563.42,566.16 3 1
qmanager/internal/api/handlers/cellular_apn.go:566.16,568.3 1 0
qmanager/internal/api/handlers/cellular_apn.go:569.2,569.49 1 1
qmanager/internal/api/handlers/cellular_apn.go:572.39,574.16 2 1
qmanager/internal/api/handlers/cellular_apn.go:574.16,576.3 1 0
qmanager/internal/api/handlers/cellular_apn.go:577.2,578.49 2 1
qmanager/internal/api/handlers/cellular_apn.go:578.49,580.3 1 0
qmanager/internal/api/handlers/cellular_apn.go:581.2,581.10 1 1
qmanager/internal/api/handlers/cellular_apn.go:584.47,587.16 3 0
qmanager/internal/api/handlers/cellular_apn.go:587.16,589.3 1 0
qmanager/internal/api/handlers/cellular_apn.go:590.2,590.47 1 0
qmanager/internal/api/handlers/cellular_fplmn.go:27.77,29.2 1 1
qmanager/internal/api/handlers/cellular_fplmn.go:32.81,35.56 2 1
qmanager/internal/api/handlers/cellular_fplmn.go:35.56,38.3 2 0
qmanager/internal/api/handlers/cellular_fplmn.go:40.2,41.17 2 1
qmanager/internal/api/handlers/cellular_fplmn.go:41.17,43.3 1 0
qmanager/internal/api/handlers/cellular_fplmn.go:46.2,48.56 3 1
qmanager/internal/api/handlers/cellular_fplmn.go:48.56,51.3 2 0
qmanager/internal/api/handlers/cellular_fplmn.go:53.2,61.4 3 1
qmanager/internal/api/handlers/cellular_fplmn.go:65.83,69.55 3 1
qmanager/internal/api/handlers/cellular_fplmn.go:69.55,71.14 2 1
qmanager/internal/api/handlers/cellular_fplmn.go:71.14,73.4 1 1
qmanager/internal/api/handlers/cellular_fplmn.go:77.2,82.56 4 1
qmanager/internal/api/handlers/cellular_fplmn.go:82.56,85.3 2 0
qmanager/internal/api/handlers/cellular_fplmn.go:88.2,89.30 2 1
qmanager/internal/api/handlers/cellular_fplmn.go:89.30,92.3 2 0
qmanager/internal/api/handlers/cellular_fplmn.go:94.2,97.4 1 1
qmanager/internal/api/handlers/cellular_fplmn.go:105.45,110.38 4 1
qmanager/internal/api/handlers/cellular_fplmn.go:110.38,112.24 2 1
qmanager/internal/api/handlers/cellular_fplmn.go:112.24,113.12 1 1
qmanager/internal/api/handlers/cellular_fplmn.go:116.3,134.18 12 1
qmanager/internal/api/handlers/cellular_fplmn.go:134.18,136.4 1 0
qmanager/internal/api/handlers/cellular_fplmn.go:138.3,145.8 3 1
qmanager/internal/api/handlers/cellular_fplmn.go:148.2,148.16 1 1
qmanager/internal/api/handlers/cellular_fplmn.go:151.42,155.26 2 1
qmanager/internal/api/handlers/cellular_fplmn.go:155.26,157.37 2 1
qmanager/internal/api/handlers/cellular_fplmn.go:157.37,160.18 3 1
qmanager/internal/api/handlers/cellular_fplmn.go:160.18,162.26 2 1
qmanager/internal/api/handlers/cellular_fplmn.go:162.26,165.77 2 1
qmanager/internal/api/handlers/cellular_fplmn.go:165.77,167.7 1 1
qmanager/internal/api/handlers/cellular_fplmn.go:172.2,172.11 1 1
qmanager/internal/api/handlers/cellular_fplmn.go:175.42,177.26 2 1
qmanager/internal/api/handlers/cellular_fplmn.go:177.26,179.37 2 1
qmanager/internal/api/handlers/cellular_fplmn.go:179.37,182.18 3 1
qmanager/internal/api/handlers/cellular_fplmn.go:182.18,184.5 1 1
qmanager/internal/api/handlers/cellular_fplmn.go:187.2,187.11 1 0
qmanager/internal/api/handlers/cellular_fplmn.go:190.45,192.26 2 1
qmanager/internal/api/handlers/cellular_fplmn.go:192.26,194.37 2 1
qmanager/internal/api/handlers/cellular_fplmn.go:194.37,196.23 2 1
qmanager/internal/api/handlers/cellular_fplmn.go:196.23,200.5 3 1
qmanager/internal/api/handlers/cellular_fplmn.go:203.2,203.13 1 0
qmanager/internal/api/handlers/cellular_imei.go:39.128,45.2 1 1
qmanager/internal/api/handlers/cellular_imei.go:48.79,53.16 3 1
qmanager/internal/api/handlers/cellular_imei.go:53.16,55.27 2 1
qmanager/internal/api/handlers/cellular_imei.go:55.27,57.55 2 1
qmanager/internal/api/handlers/cellular_imei.go:57.55,59.10 2 1
qmanager/internal/api/handlers/cellular_imei.go:64.2,72.30 3 1
qmanager/internal/api/handlers/cellular_imei.go:84.80,86.59 2 1
qmanager/internal/api/handlers/cellular_imei.go:86.59,89.3 2 1
qmanager/internal/api/handlers/cellular_imei.go:91.2,91.18 1 1
qmanager/internal/api/handlers/cellular_imei.go:92.18,93.29 1 1
qmanager/internal/api/handlers/cellular_imei.go:94.21,95.27 1 1
qmanager/internal/api/handlers/cellular_imei.go:96.16,97.20 1 1
qmanager/internal/api/handlers/cellular_imei.go:98.10,99.52 1 1
qmanager/internal/api/handlers/cellular_imei.go:103.84,105.19 2 1
qmanager/internal/api/handlers/cellular_imei.go:105.19,108.3 2 0
qmanager/internal/api/handlers/cellular_imei.go:110.2,110.49 1 1
qmanager/internal/api/handlers/cellular_imei.go:110.49,111.53 1 1
qmanager/internal/api/handlers/cellular_imei.go:111.53,113.4 1 1
qmanager/internal/api/handlers/cellular_imei.go:116.2,116.32 1 1
qmanager/internal/api/handlers/cellular_imei.go:116.32,119.3 2 1
qmanager/internal/api/handlers/cellular_imei.go:122.2,124.52 3 1
qmanager/internal/api/handlers/cellular_imei.go:124.52,127.3 2 0
qmanager/internal/api/handlers/cellular_imei.go:130.2,137.4 2 1
qmanager/internal/api/handlers/cellular_imei.go:140.90,142.22 2 1
qmanager/internal/api/handlers/cellular_imei.go:142.22,144.3 1 1
qmanager/internal/api/handlers/cellular_imei.go:146.2,147.13 2 1
qmanager/internal/api/handlers/cellular_imei.go:147.13,148.23 1 1
qmanager/internal/api/handlers/cellular_imei.go:148.23,151.4 2 0
qmanager/internal/api/handlers/cellular_imei.go:152.3,152.36 1 1
qmanager/internal/api/handlers/cellular_imei.go:152.36,155.4 2 0
qmanager/internal/api/handlers/cellular_imei.go:158.2,163.51 2 1
qmanager/internal/api/handlers/cellular_imei.go:163.51,166.3 2 0
qmanager/internal/api/handlers/cellular_imei.go:168.2,170.4 1 1
qmanager/internal/api/handlers/cellular_imei.go:173.67,176.12 2 1
qmanager/internal/api/handlers/cellular_imei.go:176.12,179.3 2 1
qmanager/internal/api/handlers/cellular_imei.go:181.2,183.4 1 1
qmanager/internal/api/handlers/cellular_imei.go:187.41,189.14 2 1
qmanager/internal/api/handlers/cellular_imei.go:189.14,191.3 1 1
qmanager/internal/api/handlers/cellular_imei.go:193.2,194.26 2 1
qmanager/internal/api/handlers/cellular_imei.go:194.26,196.15 2 1
qmanager/internal/api/handlers/cellular_imei.go:196.15,198.17 2 1
qmanager/internal/api/handlers/cellular_imei.go:198.17,200.5 1 1
qmanager/internal/api/handlers/cellular_imei.go:202.3,202.15 1 1
qmanager/internal/api/handlers/cellular_imei.go:205.2,205.20 1 1
qmanager/internal/api/handlers/cellular_imei.go:209.59,210.52 1 1
qmanager/internal/api/handlers/cellular_imei.go:210.52,212.3 1 0
qmanager/internal/api/handlers/cellular_imei.go:213.2,214.26 2 1
qmanager/internal/api/handlers/cellular_imei.go:214.26,216.15 2 1
qmanager/internal/api/handlers/cellular_imei.go:216.15,218.17 2 1
qmanager/internal/api/handlers/cellular_imei.go:218.17,220.5 1 1
qmanager/internal/api/handlers/cellular_imei.go:222.3,222.15 1 1
qmanager/internal/api/handlers/cellular_imei.go:224.2,225.25 2 1
qmanager/internal/api/handlers/cellular_imei.go:228.34,229.22 1 1
qmanager/internal/api/handlers/cellular_imei.go:229.22,230.26 1 1
qmanager/internal/api/handlers/cellular_imei.go:230.26,232.4 1 0
qmanager/internal/api/handlers/cellular_imei.go:234.2,234.13 1 1
qmanager/internal/api/handlers/cellular_imei.go:237.46,239.16 2 1
qmanager/internal/api/handlers/cellular_imei.go:239.16,241.3 1 0
qmanager/internal/api/handlers/cellular_imei.go:242.2,243.49 2 1
qmanager/internal/api/handlers/cellular_imei.go:243.49,245.3 1 0
qmanager/internal/api/handlers/cellular_imei.go:246.2,246.10 1 1
qmanager/internal/api/handlers/cellular_imei.go:249.54,252.16 3 1
qmanager/internal/api/handlers/cellular_imei.go:252.16,254.3 1 0
qmanager/internal/api/handlers/cellular_imei.go:255.2,255.49 1 1
qmanager/internal/api/handlers/cellular_mbn.go:31.73,33.2 1 1
qmanager/internal/api/handlers/cellular_mbn.go:36.77,40.16 3 1
qmanager/internal/api/handlers/cellular_mbn.go:40.16,42.3 1 1
qmanager/internal/api/handlers/cellular_mbn.go:45.2,47.16 3 1
qmanager/internal/api/handlers/cellular_mbn.go:47.16,49.3 1 1
qmanager/internal/api/handlers/cellular_mbn.go:49.8,51.3 1 0
qmanager/internal/api/handlers/cellular_mbn.go:53.2,57.4 1 1
qmanager/internal/api/handlers/cellular_mbn.go:68.78,70.59 2 1
qmanager/internal/api/handlers/cellular_mbn.go:70.59,73.3 2 0
qmanager/internal/api/handlers/cellular_mbn.go:75.2,75.18 1 1
qmanager/internal/api/handlers/cellular_mbn.go:76.23,77.41 1 1
qmanager/internal/api/handlers/cellular_mbn.go:78.18,79.32 1 1
qmanager/internal/api/handlers/cellular_mbn.go:80.16,81.20 1 1
qmanager/internal/api/handlers/cellular_mbn.go:82.10,83.52 1 1
qmanager/internal/api/handlers/cellular_mbn.go:87.92,89.23 2 1
qmanager/internal/api/handlers/cellular_mbn.go:89.23,92.3 2 1
qmanager/internal/api/handlers/cellular_mbn.go:95.2,97.52 3 1
qmanager/internal/api/handlers/cellular_mbn.go:97.52,100.3 2 0
qmanager/internal/api/handlers/cellular_mbn.go:103.2,109.4 2 1
qmanager/internal/api/handlers/cellular_mbn.go:112.81,113.56 1 1
qmanager/internal/api/handlers/cellular_mbn.go:113.56,116.3 2 0
qmanager/internal/api/handlers/cellular_mbn.go:118.2,120.52 3 1
qmanager/internal/api/handlers/cellular_mbn.go:120.52,123.3 2 0
qmanager/internal/api/handlers/cellular_mbn.go:125.2,129.4 1 1
qmanager/internal/api/handlers/cellular_mbn.go:132.66,133.12 1 1
qmanager/internal/api/handlers/cellular_mbn.go:133.12,136.3 2 1
qmanager/internal/api/handlers/cellular_mbn.go:138.2,140.4 1 1
qmanager/internal/api/handlers/cellular_mbn.go:146.44,150.26 3 1
qmanager/internal/api/handlers/cellular_mbn.go:150.26,152.75 2 1
qmanager/internal/api/handlers/cellular_mbn.go:152.75,153.12 1 1
qmanager/internal/api/handlers/cellular_mbn.go:158.3,160.21 3 1
qmanager/internal/api/handlers/cellular_mbn.go:160.21,161.12 1 0
qmanager/internal/api/handlers/cellular_mbn.go:164.3,178.5 7 1
qmanager/internal/api/handlers/cellular_mbn.go:181.2,181.17 1 1
qmanager/internal/api/handlers/cellular_mbn.go:184.38,186.26 2 1
qmanager/internal/api/handlers/cellular_mbn.go:186.26,188.74 2 1
qmanager/internal/api/handlers/cellular_mbn.go:188.74,190.23 2 1
qmanager/internal/api/handlers/cellular_mbn.go:190.23,193.5 2 1
qmanager/internal/api/handlers/cellular_mbn.go:196.2,196.10 1 1
qmanager/internal/api/handlers/cellular_priority.go:18.81,20.2 1 1
qmanager/internal/api/handlers/cellular_priority.go:23.86,25.62 2 1
qmanager/internal/api/handlers/cellular_priority.go:25.62,28.3 2 0
qmanager/internal/api/handlers/cellular_priority.go:30.2,31.17 2 1
qmanager/internal/api/handlers/cellular_priority.go:31.17,34.3 2 0
qmanager/internal/api/handlers/cellular_priority.go:36.2,39.4 1 1
qmanager/internal/api/handlers/cellular_priority.go:48.86,50.76 2 1
qmanager/internal/api/handlers/cellular_priority.go:50.76,53.3 2 0
qmanager/internal/api/handlers/cellular_priority.go:55.2,56.32 2 1
qmanager/internal/api/handlers/cellular_priority.go:56.32,59.3 2 1
qmanager/internal/api/handlers/cellular_priority.go:61.2,63.52 3 1
qmanager/internal/api/handlers/cellular_priority.go:63.52,66.3 2 0
qmanager/internal/api/handlers/cellular_priority.go:68.2,71.4 1 1
qmanager/internal/api/handlers/cellular_priority.go:74.42,76.26 2 1
qmanager/internal/api/handlers/cellular_priority.go:76.26,78.83 2 1
qmanager/internal/api/handlers/cellular_priority.go:78.83,80.23 2 1
qmanager/internal/api/handlers/cellular_priority.go:80.23,82.5 1 1
qmanager/internal/api/handlers/cellular_priority.go:85.2,85.11 1 0
qmanager/internal/api/handlers/cellular_priority.go:88.44,89.17 1 1
qmanager/internal/api/handlers/cellular_priority.go:89.17,91.3 1 0
qmanager/internal/api/handlers/cellular_priority.go:92.2,101.27 3 1
qmanager/internal/api/handlers/cellular_priority.go:101.27,103.20 2 1
qmanager/internal/api/handlers/cellular_priority.go:103.20,105.4 1 1
qmanager/internal/api/handlers/cellular_priority.go:107.2,107.13 1 1
qmanager/internal/api/handlers/common.go:17.64,21.2 3 1
qmanager/internal/api/handlers/common.go:24.55,29.2 1 1
qmanager/internal/api/handlers/common.go:32.62,37.2 1 1
qmanager/internal/api/handlers/data_usage.go:22.46,28.2 2 1
qmanager/internal/api/handlers/data_usage.go:31.80,39.46 6 1
qmanager/internal/api/handlers/data_usage.go:39.46,42.3 2 0
qmanager/internal/api/handlers/data_usage.go:42.8,42.47 1 1
qmanager/internal/api/handlers/data_usage.go:42.47,46.3 3 0
qmanager/internal/api/handlers/data_usage.go:46.8,46.46 1 1
qmanager/internal/api/handlers/data_usage.go:46.46,50.3 3 0
qmanager/internal/api/handlers/data_usage.go:52.2,63.4 2 1
qmanager/internal/api/handlers/data_usage.go:67.82,86.2 9 1
qmanager/internal/api/handlers/ethernet.go:19.44,23.2 1 1
qmanager/internal/api/handlers/ethernet.go:26.82,32.83 5 1
qmanager/internal/api/handlers/ethernet.go:32.83,35.3 2 1
qmanager/internal/api/handlers/ethernet.go:37.2,37.79 1 1
qmanager/internal/api/handlers/ethernet.go:37.79,38.83 1 1
qmanager/internal/api/handlers/ethernet.go:38.83,40.4 1 1
qmanager/internal/api/handlers/ethernet.go:43.2,43.80 1 1
qmanager/internal/api/handlers/ethernet.go:43.80,45.3 1 1
qmanager/internal/api/handlers/ethernet.go:47.2,47.77 1 1
qmanager/internal/api/handlers/ethernet.go:47.77,48.83 1 1
qmanager/internal/api/handlers/ethernet.go:48.83,50.4 1 1
qmanager/internal/api/handlers/ethernet.go:53.2,69.4 3 1
qmanager/internal/api/handlers/frequency_calc.go:15.66,17.2 1 1
qmanager/internal/api/handlers/frequency_calc.go:20.88,23.19 3 1
qmanager/internal/api/handlers/frequency_calc.go:23.19,25.3 1 1
qmanager/internal/api/handlers/frequency_calc.go:26.2,26.19 1 1
qmanager/internal/api/handlers/frequency_calc.go:26.19,28.3 1 0
qmanager/internal/api/handlers/frequency_calc.go:30.2,31.16 2 1
qmanager/internal/api/handlers/frequency_calc.go:31.16,34.3 2 1
qmanager/internal/api/handlers/frequency_calc.go:36.2,37.52 2 1
qmanager/internal/api/handlers/frequency_calc.go:37.52,39.3 1 1
qmanager/internal/api/handlers/frequency_calc.go:39.8,41.3 1 1
qmanager/internal/api/handlers/frequency_calc.go:43.2,43.29 1 1
qmanager/internal/api/handlers/frequency_calc.go:147.60,154.29 3 1
qmanager/internal/api/handlers/frequency_calc.go:154.29,155.63 1 1
qmanager/internal/api/handlers/frequency_calc.go:155.63,162.25 5 1
qmanager/internal/api/handlers/frequency_calc.go:162.25,165.5 2 1
qmanager/internal/api/handlers/frequency_calc.go:165.10,172.5 5 1
qmanager/internal/api/handlers/frequency_calc.go:174.4,175.50 2 1
qmanager/internal/api/handlers/frequency_calc.go:175.50,177.5 1 1
qmanager/internal/api/handlers/frequency_calc.go:179.4,186.6 1 1
qmanager/internal/api/handlers/frequency_calc.go:190.2,190.22 1 1
qmanager/internal/api/handlers/frequency_calc.go:190.22,193.3 2 1
qmanager/internal/api/handlers/frequency_calc.go:195.2,195.12 1 1
qmanager/internal/api/handlers/frequency_calc.go:199.60,206.17 3 1
qmanager/internal/api/handlers/frequency_calc.go:206.17,208.3 1 0
qmanager/internal/api/handlers/frequency_calc.go:210.2,213.28 3 1
qmanager/internal/api/handlers/frequency_calc.go:213.28,214.67 1 1
qmanager/internal/api/handlers/frequency_calc.go:214.67,216.25 2 1
qmanager/internal/api/handlers/frequency_calc.go:216.25,218.5 1 1
qmanager/internal/api/handlers/frequency_calc.go:218.10,218.32 1 0
qmanager/internal/api/handlers/frequency_calc.go:218.32,224.5 4 0
qmanager/internal/api/handlers/frequency_calc.go:226.4,226.50 1 1
qmanager/internal/api/handlers/frequency_calc.go:226.50,228.5 1 1
qmanager/internal/api/handlers/frequency_calc.go:230.4,236.6 1 1
qmanager/internal/api/handlers/frequency_calc.go:240.2,240.22 1 1
qmanager/internal/api/handlers/frequency_calc.go:240.22,243.3 2 1
qmanager/internal/api/handlers/frequency_calc.go:245.2,245.12 1 1
qmanager/internal/api/handlers/frequency_calc.go:249.46,250.38 1 1
qmanager/internal/api/handlers/frequency_calc.go:250.38,252.3 1 1
qmanager/internal/api/handlers/frequency_calc.go:253.2,254.23 2 1
qmanager/internal/api/handlers/frequency_calc.go:254.23,257.3 1 0
qmanager/internal/api/handlers/frequency_calc.go:257.8,257.31 1 1
qmanager/internal/api/handlers/frequency_calc.go:257.31,260.3 1 1
qmanager/internal/api/handlers/frequency_calc.go:260.8,263.3 1 1
qmanager/internal/api/handlers/frequency_calc.go:264.2,264.32 1 1
qmanager/internal/api/handlers/frequency_lock.go:47.77,51.2 1 1
qmanager/internal/api/handlers/frequency_lock.go:54.79,57.16 2 1
qmanager/internal/api/handlers/frequency_lock.go:57.16,60.3 2 0
qmanager/internal/api/handlers/frequency_lock.go:62.2,67.61 3 1
qmanager/internal/api/handlers/frequency_lock.go:67.61,69.3 1 0
qmanager/internal/api/handlers/frequency_lock.go:69.8,72.3 2 1
qmanager/internal/api/handlers/frequency_lock.go:75.2,79.60 3 1
qmanager/internal/api/handlers/frequency_lock.go:79.60,81.3 1 0
qmanager/internal/api/handlers/frequency_lock.go:81.8,84.3 2 1
qmanager/internal/api/handlers/frequency_lock.go:86.2,89.4 1 1
qmanager/internal/api/handlers/frequency_lock.go:93.59,100.26 3 1
qmanager/internal/api/handlers/frequency_lock.go:100.26,102.171 2 1
qmanager/internal/api/handlers/frequency_lock.go:102.171,105.17 2 1
qmanager/internal/api/handlers/frequency_lock.go:105.17,108.24 3 1
qmanager/internal/api/handlers/frequency_lock.go:108.24,110.38 2 1
qmanager/internal/api/handlers/frequency_lock.go:110.38,113.36 3 1
qmanager/internal/api/handlers/frequency_lock.go:113.36,115.68 2 1
qmanager/internal/api/handlers/frequency_lock.go:115.68,117.9 1 1
qmanager/internal/api/handlers/frequency_lock.go:122.9,122.181 1 1
qmanager/internal/api/handlers/frequency_lock.go:122.181,125.17 2 1
qmanager/internal/api/handlers/frequency_lock.go:125.17,128.24 3 1
qmanager/internal/api/handlers/frequency_lock.go:128.24,130.38 2 1
qmanager/internal/api/handlers/frequency_lock.go:130.38,133.45 3 1
qmanager/internal/api/handlers/frequency_lock.go:133.45,136.38 3 1
qmanager/internal/api/handlers/frequency_lock.go:136.38,141.9 1 1
qmanager/internal/api/handlers/frequency_lock.go:149.2,149.14 1 1
qmanager/internal/api/handlers/frequency_lock.go:152.41,155.26 2 1
qmanager/internal/api/handlers/frequency_lock.go:155.26,157.55 2 1
qmanager/internal/api/handlers/frequency_lock.go:157.55,159.23 2 1
qmanager/internal/api/handlers/frequency_lock.go:159.23,162.5 2 1
qmanager/internal/api/handlers/frequency_lock.go:165.2,165.14 1 0
qmanager/internal/api/handlers/frequency_lock.go:168.40,171.26 2 1
qmanager/internal/api/handlers/frequency_lock.go:171.26,173.55 2 1
qmanager/internal/api/handlers/frequency_lock.go:173.55,175.23 2 1
qmanager/internal/api/handlers/frequency_lock.go:175.23,178.5 2 1
qmanager/internal/api/handlers/frequency_lock.go:181.2,181.14 1 0
qmanager/internal/api/handlers/frequency_lock.go:193.77,195.61 2 1
qmanager/internal/api/handlers/frequency_lock.go:195.61,198.3 2 1
qmanager/internal/api/handlers/frequency_lock.go:200.2,203.43 3 1
qmanager/internal/api/handlers/frequency_lock.go:203.43,206.3 2 1
qmanager/internal/api/handlers/frequency_lock.go:207.2,207.52 1 1
qmanager/internal/api/handlers/frequency_lock.go:207.52,210.3 2 1
qmanager/internal/api/handlers/frequency_lock.go:212.2,212.22 1 1
qmanager/internal/api/handlers/frequency_lock.go:212.22,214.3 1 1
qmanager/internal/api/handlers/frequency_lock.go:214.8,216.3 1 1
qmanager/internal/api/handlers/frequency_lock.go:219.95,220.28 1 1
qmanager/internal/api/handlers/frequency_lock.go:220.28,223.17 2 1
qmanager/internal/api/handlers/frequency_lock.go:223.17,226.4 2 0
qmanager/internal/api/handlers/frequency_lock.go:227.3,233.9 2 1
qmanager/internal/api/handlers/frequency_lock.go:237.2,238.61 2 1
qmanager/internal/api/handlers/frequency_lock.go:238.61,242.3 2 0
qmanager/internal/api/handlers/frequency_lock.go:243.2,243.61 1 1
qmanager/internal/api/handlers/frequency_lock.go:243.61,246.3 2 0
qmanager/internal/api/handlers/frequency_lock.go:247.2,247.41 1 1
qmanager/internal/api/handlers/frequency_lock.go:247.41,250.3 2 1
qmanager/internal/api/handlers/frequency_lock.go:253.2,254.29 2 1
qmanager/internal/api/handlers/frequency_lock.go:254.29,257.3 2 1
qmanager/internal/api/handlers/frequency_lock.go:259.2,260.35 2 1
qmanager/internal/api/handlers/frequency_lock.go:260.35,261.40 1 1
qmanager/internal/api/handlers/frequency_lock.go:261.40,264.4 2 1
qmanager/internal/api/handlers/frequency_lock.go:265.3,265.52 1 1
qmanager/internal/api/handlers/frequency_lock.go:268.2,270.16 3 1
qmanager/internal/api/handlers/frequency_lock.go:270.16,273.3 2 0
qmanager/internal/api/handlers/frequency_lock.go:275.2,282.4 1 1
qmanager/internal/api/handlers/frequency_lock.go:285.94,286.28 1 1
qmanager/internal/api/handlers/frequency_lock.go:286.28,289.17 2 1
qmanager/internal/api/handlers/frequency_lock.go:289.17,292.4 2 0
qmanager/internal/api/handlers/frequency_lock.go:293.3,299.9 2 1
qmanager/internal/api/handlers/frequency_lock.go:303.2,304.60 2 1
qmanager/internal/api/handlers/frequency_lock.go:304.60,308.3 2 0
qmanager/internal/api/handlers/frequency_lock.go:309.2,309.60 1 1
qmanager/internal/api/handlers/frequency_lock.go:309.60,312.3 2 0
qmanager/internal/api/handlers/frequency_lock.go:313.2,313.39 1 1
qmanager/internal/api/handlers/frequency_lock.go:313.39,316.3 2 1
qmanager/internal/api/handlers/frequency_lock.go:319.2,320.29 2 1
qmanager/internal/api/handlers/frequency_lock.go:320.29,323.3 2 0
qmanager/internal/api/handlers/frequency_lock.go:325.2,326.34 2 1
qmanager/internal/api/handlers/frequency_lock.go:326.34,327.39 1 1
qmanager/internal/api/handlers/frequency_lock.go:327.39,330.4 2 0
qmanager/internal/api/handlers/frequency_lock.go:331.3,332.70 2 1
qmanager/internal/api/handlers/frequency_lock.go:332.70,334.4 1 0
qmanager/internal/api/handlers/frequency_lock.go:335.3,335.60 1 1
qmanager/internal/api/handlers/frequency_lock.go:338.2,340.16 3 1
qmanager/internal/api/handlers/frequency_lock.go:340.16,343.3 2 0
qmanager/internal/api/handlers/frequency_lock.go:345.2,352.4 1 1
qmanager/internal/api/handlers/health_check.go:59.118,65.2 1 1
qmanager/internal/api/handlers/health_check.go:68.74,90.2 7 1
qmanager/internal/api/handlers/health_check.go:92.63,103.33 8 1
qmanager/internal/api/handlers/health_check.go:103.33,112.3 1 1
qmanager/internal/api/handlers/health_check.go:112.8,121.3 1 0
qmanager/internal/api/handlers/health_check.go:124.2,126.49 3 1
qmanager/internal/api/handlers/health_check.go:126.49,128.3 1 0
qmanager/internal/api/handlers/health_check.go:128.8,128.55 1 1
qmanager/internal/api/handlers/health_check.go:128.55,130.3 1 0
qmanager/internal/api/handlers/health_check.go:130.8,130.58 1 1
qmanager/internal/api/handlers/health_check.go:130.58,132.3 1 0
qmanager/internal/api/handlers/health_check.go:133.2,135.16 2 1
qmanager/internal/api/handlers/health_check.go:135.16,144.3 1 0
qmanager/internal/api/handlers/health_check.go:144.8,153.3 1 1
qmanager/internal/api/handlers/health_check.go:156.2,162.32 6 1
qmanager/internal/api/handlers/health_check.go:162.32,171.3 1 1
qmanager/internal/api/handlers/health_check.go:171.8,180.3 1 0
qmanager/internal/api/handlers/health_check.go:183.2,190.18 7 1
qmanager/internal/api/handlers/health_check.go:190.18,199.3 1 1
qmanager/internal/api/handlers/health_check.go:199.8,208.3 1 0
qmanager/internal/api/handlers/health_check.go:211.2,214.23 4 1
qmanager/internal/api/handlers/health_check.go:214.23,223.3 1 0
qmanager/internal/api/handlers/health_check.go:223.8,232.3 1 1
qmanager/internal/api/handlers/health_check.go:235.2,236.27 2 1
qmanager/internal/api/handlers/health_check.go:236.27,237.20 1 1
qmanager/internal/api/handlers/health_check.go:238.15,239.12 1 1
qmanager/internal/api/handlers/health_check.go:240.15,241.12 1 0
qmanager/internal/api/handlers/health_check.go:242.15,243.12 1 1
qmanager/internal/api/handlers/health_check.go:244.11,245.13 1 0
qmanager/internal/api/handlers/health_check.go:249.2,252.50 3 1
qmanager/internal/api/handlers/health_check.go:252.50,264.3 4 1
qmanager/internal/api/handlers/health_check.go:265.2,265.15 1 1
qmanager/internal/api/handlers/health_check.go:269.77,273.22 3 1
qmanager/internal/api/handlers/health_check.go:273.22,284.3 2 0
qmanager/internal/api/handlers/health_check.go:286.2,286.35 1 1
qmanager/internal/api/handlers/health_check.go:290.79,294.22 3 1
qmanager/internal/api/handlers/health_check.go:294.22,297.3 2 0
qmanager/internal/api/handlers/health_check.go:299.2,300.16 2 1
qmanager/internal/api/handlers/health_check.go:300.16,303.3 2 0
qmanager/internal/api/handlers/health_check.go:305.2,307.22 3 1
qmanager/internal/api/handlers/health_check.go:311.76,320.2 4 1
qmanager/internal/api/handlers/history.go:16.42,20.2 1 1
qmanager/internal/api/handlers/history.go:23.85,25.77 2 1
qmanager/internal/api/handlers/history.go:25.77,27.3 1 1
qmanager/internal/api/handlers/history.go:29.2,30.29 2 1
qmanager/internal/api/handlers/history.go:34.83,36.77 2 1
qmanager/internal/api/handlers/history.go:36.77,38.3 1 1
qmanager/internal/api/handlers/history.go:40.2,41.29 2 1
qmanager/internal/api/handlers/history.go:45.78,47.77 2 1
qmanager/internal/api/handlers/history.go:47.77,49.3 1 1
qmanager/internal/api/handlers/history.go:51.2,52.32 2 1
qmanager/internal/api/handlers/ip_passthrough.go:36.77,40.2 1 1
qmanager/internal/api/handlers/ip_passthrough.go:43.79,47.20 2 1
qmanager/internal/api/handlers/ip_passthrough.go:47.20,54.17 6 0
qmanager/internal/api/handlers/ip_passthrough.go:54.17,56.28 2 0
qmanager/internal/api/handlers/ip_passthrough.go:56.28,58.41 2 0
qmanager/internal/api/handlers/ip_passthrough.go:58.41,60.25 2 0
qmanager/internal/api/handlers/ip_passthrough.go:60.25,62.22 2 0
qmanager/internal/api/handlers/ip_passthrough.go:63.16,64.24 1 0
qmanager/internal/api/handlers/ip_passthrough.go:65.16,66.24 1 0
qmanager/internal/api/handlers/ip_passthrough.go:67.15,68.29 1 0
qmanager/internal/api/handlers/ip_passthrough.go:71.6,71.25 1 0
qmanager/internal/api/handlers/ip_passthrough.go:71.25,73.7 1 0
qmanager/internal/api/handlers/ip_passthrough.go:74.11,74.47 1 0
qmanager/internal/api/handlers/ip_passthrough.go:74.47,76.25 2 0
qmanager/internal/api/handlers/ip_passthrough.go:76.25,78.7 1 0
qmanager/internal/api/handlers/ip_passthrough.go:79.11,79.45 1 0
qmanager/internal/api/handlers/ip_passthrough.go:79.45,81.25 2 0
qmanager/internal/api/handlers/ip_passthrough.go:81.25,83.7 1 0
qmanager/internal/api/handlers/ip_passthrough.go:84.11,84.48 1 0
qmanager/internal/api/handlers/ip_passthrough.go:84.48,86.25 2 0
qmanager/internal/api/handlers/ip_passthrough.go:86.25,88.46 2 0
qmanager/internal/api/handlers/ip_passthrough.go:88.46,90.8 1 0
qmanager/internal/api/handlers/ip_passthrough.go:97.2,104.4 1 1
qmanager/internal/api/handlers/ip_passthrough.go:118.78,120.59 2 1
qmanager/internal/api/handlers/ip_passthrough.go:120.59,123.3 2 0
qmanager/internal/api/handlers/ip_passthrough.go:125.2,126.58 2 1
qmanager/internal/api/handlers/ip_passthrough.go:126.58,129.3 2 1
qmanager/internal/api/handlers/ip_passthrough.go:131.2,132.19 2 1
qmanager/internal/api/handlers/ip_passthrough.go:132.19,133.24 1 1
qmanager/internal/api/handlers/ip_passthrough.go:133.24,136.4 2 1
qmanager/internal/api/handlers/ip_passthrough.go:139.2,140.34 2 1
qmanager/internal/api/handlers/ip_passthrough.go:140.34,142.3 1 0
qmanager/internal/api/handlers/ip_passthrough.go:144.2,145.42 2 1
qmanager/internal/api/handlers/ip_passthrough.go:145.42,147.3 1 0
qmanager/internal/api/handlers/ip_passthrough.go:149.2,150.46 2 1
qmanager/internal/api/handlers/ip_passthrough.go:150.46,152.3 1 0
qmanager/internal/api/handlers/ip_passthrough.go:155.2,162.27 4 1
qmanager/internal/api/handlers/ip_passthrough.go:162.27,164.3 1 0
qmanager/internal/api/handlers/ip_passthrough.go:165.2,168.14 2 1
qmanager/internal/api/handlers/ip_passthrough.go:169.18,171.38 2 1
qmanager/internal/api/handlers/ip_passthrough.go:172.13,173.78 1 0
qmanager/internal/api/handlers/ip_passthrough.go:174.13,176.67 2 0
qmanager/internal/api/handlers/ip_passthrough.go:180.2,180.27 1 1
qmanager/internal/api/handlers/ip_passthrough.go:180.27,182.3 1 1
qmanager/internal/api/handlers/ip_passthrough.go:185.2,195.12 3 1
qmanager/internal/api/handlers/ip_passthrough.go:195.12,198.3 2 1
qmanager/internal/api/handlers/ip_passthrough.go:200.2,203.4 1 1
qmanager/internal/api/handlers/ip_passthrough.go:206.35,210.2 3 1
qmanager/internal/api/handlers/ip_passthrough.go:212.43,214.16 2 1
qmanager/internal/api/handlers/ip_passthrough.go:214.16,216.3 1 0
qmanager/internal/api/handlers/ip_passthrough.go:217.2,219.10 3 1
qmanager/internal/api/handlers/ip_passthrough.go:222.51,225.16 3 1
qmanager/internal/api/handlers/ip_passthrough.go:225.16,227.3 1 0
qmanager/internal/api/handlers/ip_passthrough.go:228.2,228.49 1 1
qmanager/internal/api/handlers/language_packs.go:45.54,53.2 1 1
qmanager/internal/api/handlers/language_packs.go:56.77,62.16 5 1
qmanager/internal/api/handlers/language_packs.go:62.16,63.29 1 1
qmanager/internal/api/handlers/language_packs.go:63.29,64.17 1 1
qmanager/internal/api/handlers/language_packs.go:64.17,66.59 2 1
qmanager/internal/api/handlers/language_packs.go:66.59,68.53 2 1
qmanager/internal/api/handlers/language_packs.go:68.53,70.7 1 1
qmanager/internal/api/handlers/language_packs.go:76.2,76.18 1 1
qmanager/internal/api/handlers/language_packs.go:76.18,78.3 1 1
qmanager/internal/api/handlers/language_packs.go:80.2,83.4 1 1
qmanager/internal/api/handlers/language_packs.go:87.80,96.87 4 1
qmanager/internal/api/handlers/language_packs.go:96.87,99.3 2 0
qmanager/internal/api/handlers/language_packs.go:101.2,137.4 8 1
qmanager/internal/api/handlers/language_packs.go:141.86,146.2 3 1
qmanager/internal/api/handlers/language_packs.go:149.79,157.87 4 1
qmanager/internal/api/handlers/language_packs.go:157.87,160.3 2 0
qmanager/internal/api/handlers/language_packs.go:162.2,168.4 3 1
qmanager/internal/api/handlers/logs.go:109.36,111.19 2 1
qmanager/internal/api/handlers/logs.go:111.19,113.3 1 1
qmanager/internal/api/handlers/logs.go:114.2,115.18 2 1
qmanager/internal/api/handlers/logs.go:115.18,117.3 1 1
qmanager/internal/api/handlers/logs.go:118.2,119.20 2 1
qmanager/internal/api/handlers/logs.go:119.20,121.3 1 1
qmanager/internal/api/handlers/logs.go:122.2,123.19 2 1
qmanager/internal/api/handlers/logs.go:123.19,125.3 1 1
qmanager/internal/api/handlers/logs.go:127.2,133.3 1 1
qmanager/internal/api/handlers/logs.go:137.49,140.17 3 1
qmanager/internal/api/handlers/logs.go:140.17,142.15 2 1
qmanager/internal/api/handlers/logs.go:142.15,144.4 1 1
qmanager/internal/api/handlers/logs.go:145.3,151.10 1 1
qmanager/internal/api/handlers/logs.go:153.2,159.10 1 0
qmanager/internal/api/handlers/logs.go:163.71,174.61 9 1
qmanager/internal/api/handlers/logs.go:174.61,176.3 1 1
qmanager/internal/api/handlers/logs.go:178.2,183.53 4 1
qmanager/internal/api/handlers/logs.go:183.53,187.34 4 1
qmanager/internal/api/handlers/logs.go:187.34,188.24 1 1
qmanager/internal/api/handlers/logs.go:188.24,190.5 1 1
qmanager/internal/api/handlers/logs.go:192.3,192.26 1 1
qmanager/internal/api/handlers/logs.go:192.26,194.4 1 1
qmanager/internal/api/handlers/logs.go:195.3,197.31 2 1
qmanager/internal/api/handlers/logs.go:197.31,205.4 1 1
qmanager/internal/api/handlers/logs.go:207.3,211.4 1 1
qmanager/internal/api/handlers/logs.go:215.2,215.23 1 1
qmanager/internal/api/handlers/logs.go:215.23,220.23 4 1
qmanager/internal/api/handlers/logs.go:220.23,222.4 1 1
qmanager/internal/api/handlers/logs.go:222.9,225.4 1 0
qmanager/internal/api/handlers/logs.go:228.2,235.4 2 1
qmanager/internal/api/handlers/logs.go:239.80,247.65 4 1
qmanager/internal/api/handlers/logs.go:247.65,250.3 2 0
qmanager/internal/api/handlers/logs.go:252.2,252.24 1 1
qmanager/internal/api/handlers/logs.go:253.15,255.26 1 1
qmanager/internal/api/handlers/logs.go:255.26,257.4 1 1
qmanager/internal/api/handlers/logs.go:259.3,259.51 1 1
qmanager/internal/api/handlers/logs.go:259.51,261.4 1 1
qmanager/internal/api/handlers/logs.go:262.3,262.44 1 1
qmanager/internal/api/handlers/logs.go:262.44,264.4 1 1
qmanager/internal/api/handlers/logs.go:265.3,265.81 1 1
qmanager/internal/api/handlers/logs.go:266.16,268.26 2 0
qmanager/internal/api/handlers/logs.go:268.26,270.4 1 0
qmanager/internal/api/handlers/logs.go:271.3,271.70 1 0
qmanager/internal/api/handlers/logs.go:272.10,273.85 1 0
qmanager/internal/api/handlers/logs.go:278.75,280.42 1 1
qmanager/internal/api/handlers/logs.go:280.42,284.3 3 1
qmanager/internal/api/handlers/logs.go:287.2,289.37 3 0
qmanager/internal/api/handlers/logs.go:292.67,294.20 2 1
qmanager/internal/api/handlers/logs.go:294.20,295.44 1 0
qmanager/internal/api/handlers/logs.go:295.44,297.40 2 0
qmanager/internal/api/handlers/logs.go:297.40,299.5 1 0
qmanager/internal/api/handlers/logs.go:302.2,302.50 1 1
qmanager/internal/api/handlers/logs.go:302.50,304.3 1 1
qmanager/internal/api/handlers/logs.go:305.2,305.16 1 1
qmanager/internal/api/handlers/logs.go:308.43,310.51 2 1
qmanager/internal/api/handlers/logs.go:310.51,312.51 2 1
qmanager/internal/api/handlers/logs.go:312.51,314.23 2 1
qmanager/internal/api/handlers/logs.go:314.23,316.5 1 1
qmanager/internal/api/handlers/logs.go:317.4,317.13 1 1
qmanager/internal/api/handlers/logs.go:320.2,320.43 1 1
qmanager/internal/api/handlers/logs.go:320.43,322.39 2 1
qmanager/internal/api/handlers/logs.go:322.39,324.4 1 1
qmanager/internal/api/handlers/logs.go:326.2,330.3 1 1
qmanager/internal/api/handlers/logs.go:333.68,337.30 3 1
qmanager/internal/api/handlers/logs.go:337.30,339.17 2 1
qmanager/internal/api/handlers/logs.go:339.17,340.12 1 0
qmanager/internal/api/handlers/logs.go:342.3,343.22 2 1
qmanager/internal/api/handlers/logs.go:343.22,345.24 2 1
qmanager/internal/api/handlers/logs.go:345.24,347.5 1 1
qmanager/internal/api/handlers/logs.go:349.3,349.12 1 1
qmanager/internal/api/handlers/logs.go:352.2,353.25 2 1
qmanager/internal/api/handlers/logs.go:353.25,355.3 1 1
qmanager/internal/api/handlers/logs.go:356.2,357.13 2 1
qmanager/internal/api/handlers/logs.go:360.108,362.30 2 1
qmanager/internal/api/handlers/logs.go:362.30,364.17 2 1
qmanager/internal/api/handlers/logs.go:364.17,365.12 1 0
qmanager/internal/api/handlers/logs.go:367.3,368.22 2 1
qmanager/internal/api/handlers/logs.go:368.22,370.4 1 1
qmanager/internal/api/handlers/logs.go:371.3,371.12 1 1
qmanager/internal/api/handlers/logs.go:374.2,375.32 2 1
qmanager/internal/api/handlers/logs.go:375.32,378.60 2 1
qmanager/internal/api/handlers/logs.go:378.60,379.12 1 1
qmanager/internal/api/handlers/logs.go:381.3,381.62 1 1
qmanager/internal/api/handlers/logs.go:381.62,382.12 1 0
qmanager/internal/api/handlers/logs.go:384.3,384.97 1 1
qmanager/internal/api/handlers/logs.go:384.97,385.12 1 1
qmanager/internal/api/handlers/logs.go:388.3,388.35 1 1
qmanager/internal/api/handlers/logs.go:391.2,391.29 1 1
qmanager/internal/api/handlers/logs.go:391.29,393.3 1 0
qmanager/internal/api/handlers/logs.go:394.2,394.16 1 1
qmanager/internal/api/handlers/logs.go:397.89,400.16 3 0
qmanager/internal/api/handlers/logs.go:400.16,403.17 3 0
qmanager/internal/api/handlers/logs.go:403.17,405.4 1 0
qmanager/internal/api/handlers/logs.go:408.2,410.26 3 0
qmanager/internal/api/handlers/logs.go:410.26,412.14 2 0
qmanager/internal/api/handlers/logs.go:412.14,413.12 1 0
qmanager/internal/api/handlers/logs.go:415.3,415.85 1 0
qmanager/internal/api/handlers/logs.go:415.85,416.12 1 0
qmanager/internal/api/handlers/logs.go:419.3,425.5 1 0
qmanager/internal/api/handlers/logs.go:428.2,428.29 1 0
qmanager/internal/api/handlers/logs.go:428.29,430.3 1 0
qmanager/internal/api/handlers/logs.go:431.2,431.16 1 0
qmanager/internal/api/handlers/logs.go:434.67,436.16 2 1
qmanager/internal/api/handlers/logs.go:436.16,438.3 1 0
qmanager/internal/api/handlers/logs.go:439.2,445.54 2 1
qmanager/internal/api/handlers/logs.go:445.54,447.3 1 0
qmanager/internal/api/handlers/logs.go:449.2,473.9 5 1
qmanager/internal/api/handlers/logs.go:476.58,478.80 2 0
qmanager/internal/api/handlers/logs.go:478.80,480.3 1 0
qmanager/internal/api/handlers/logs.go:482.2,483.86 2 0
qmanager/internal/api/handlers/logs.go:483.86,484.74 1 0
qmanager/internal/api/handlers/logs.go:484.74,486.4 1 0
qmanager/internal/api/handlers/logs.go:489.2,495.21 6 0
qmanager/internal/api/handlers/logs.go:495.21,497.3 1 0
qmanager/internal/api/handlers/logs.go:499.2,518.3 1 0
qmanager/internal/api/handlers/logs.go:521.55,531.2 1 1
qmanager/internal/api/handlers/neighbour_scanner.go:42.83,46.2 1 1
qmanager/internal/api/handlers/neighbour_scanner.go:49.85,51.16 2 1
qmanager/internal/api/handlers/neighbour_scanner.go:51.16,55.3 3 0
qmanager/internal/api/handlers/neighbour_scanner.go:56.2,63.12 6 1
qmanager/internal/api/handlers/neighbour_scanner.go:63.12,64.16 1 1
qmanager/internal/api/handlers/neighbour_scanner.go:64.16,69.4 4 1
qmanager/internal/api/handlers/neighbour_scanner.go:71.3,72.57 2 1
qmanager/internal/api/handlers/neighbour_scanner.go:72.57,74.18 2 0
qmanager/internal/api/handlers/neighbour_scanner.go:74.18,76.5 1 0
qmanager/internal/api/handlers/neighbour_scanner.go:77.4,78.10 2 0
qmanager/internal/api/handlers/neighbour_scanner.go:81.3,83.17 3 1
qmanager/internal/api/handlers/neighbour_scanner.go:83.17,85.4 1 1
qmanager/internal/api/handlers/neighbour_scanner.go:88.2,91.4 1 1
qmanager/internal/api/handlers/neighbour_scanner.go:95.86,100.13 4 1
qmanager/internal/api/handlers/neighbour_scanner.go:100.13,105.3 2 1
qmanager/internal/api/handlers/neighbour_scanner.go:107.2,107.89 1 1
qmanager/internal/api/handlers/neighbour_scanner.go:107.89,113.3 2 0
qmanager/internal/api/handlers/neighbour_scanner.go:115.2,115.70 1 1
qmanager/internal/api/handlers/neighbour_scanner.go:115.70,117.57 2 1
qmanager/internal/api/handlers/neighbour_scanner.go:117.57,124.4 2 1
qmanager/internal/api/handlers/neighbour_scanner.go:127.2,129.4 1 0
qmanager/internal/api/handlers/neighbour_scanner.go:137.59,142.26 4 1
qmanager/internal/api/handlers/neighbour_scanner.go:142.26,144.79 2 1
qmanager/internal/api/handlers/neighbour_scanner.go:144.79,145.12 1 1
qmanager/internal/api/handlers/neighbour_scanner.go:148.3,150.21 3 1
qmanager/internal/api/handlers/neighbour_scanner.go:150.21,151.12 1 0
qmanager/internal/api/handlers/neighbour_scanner.go:154.3,161.40 6 1
qmanager/internal/api/handlers/neighbour_scanner.go:161.40,162.23 1 1
qmanager/internal/api/handlers/neighbour_scanner.go:162.23,164.5 1 1
qmanager/internal/api/handlers/neighbour_scanner.go:165.4,165.23 1 1
qmanager/internal/api/handlers/neighbour_scanner.go:165.23,166.72 1 1
qmanager/internal/api/handlers/neighbour_scanner.go:166.72,168.6 1 1
qmanager/internal/api/handlers/neighbour_scanner.go:170.4,170.23 1 1
qmanager/internal/api/handlers/neighbour_scanner.go:170.23,171.72 1 1
qmanager/internal/api/handlers/neighbour_scanner.go:171.72,173.6 1 1
qmanager/internal/api/handlers/neighbour_scanner.go:175.4,175.23 1 1
qmanager/internal/api/handlers/neighbour_scanner.go:175.23,176.72 1 1
qmanager/internal/api/handlers/neighbour_scanner.go:176.72,178.6 1 1
qmanager/internal/api/handlers/neighbour_scanner.go:180.9,180.48 1 1
qmanager/internal/api/handlers/neighbour_scanner.go:180.48,181.23 1 0
qmanager/internal/api/handlers/neighbour_scanner.go:181.23,183.5 1 0
qmanager/internal/api/handlers/neighbour_scanner.go:184.4,184.23 1 0
qmanager/internal/api/handlers/neighbour_scanner.go:184.23,185.72 1 0
qmanager/internal/api/handlers/neighbour_scanner.go:185.72,187.6 1 0
qmanager/internal/api/handlers/neighbour_scanner.go:189.4,189.23 1 0
qmanager/internal/api/handlers/neighbour_scanner.go:189.23,190.72 1 0
qmanager/internal/api/handlers/neighbour_scanner.go:190.72,192.6 1 0
qmanager/internal/api/handlers/neighbour_scanner.go:196.3,206.8 2 1
qmanager/internal/api/handlers/neighbour_scanner.go:209.2,209.14 1 1
qmanager/internal/api/handlers/network.go:19.70,23.2 1 1
qmanager/internal/api/handlers/network.go:26.76,29.2 2 1
qmanager/internal/api/handlers/network.go:37.73,39.94 2 1
qmanager/internal/api/handlers/network.go:39.94,42.3 2 1
qmanager/internal/api/handlers/network.go:47.2,51.37 4 0
qmanager/internal/api/handlers/network.go:51.37,54.3 2 0
qmanager/internal/api/handlers/network.go:56.2,59.4 1 0
qmanager/internal/api/handlers/network.go:68.73,70.61 2 1
qmanager/internal/api/handlers/network.go:70.61,73.3 2 0
qmanager/internal/api/handlers/network.go:75.2,83.4 3 1
qmanager/internal/api/handlers/network_mtu.go:22.48,24.2 1 1
qmanager/internal/api/handlers/network_mtu.go:27.76,29.59 2 1
qmanager/internal/api/handlers/network_mtu.go:29.59,31.3 1 1
qmanager/internal/api/handlers/network_mtu.go:33.2,35.76 3 1
qmanager/internal/api/handlers/network_mtu.go:35.76,38.27 3 1
qmanager/internal/api/handlers/network_mtu.go:38.27,40.34 2 1
qmanager/internal/api/handlers/network_mtu.go:40.34,42.29 2 1
qmanager/internal/api/handlers/network_mtu.go:42.29,43.40 1 1
qmanager/internal/api/handlers/network_mtu.go:43.40,44.59 1 1
qmanager/internal/api/handlers/network_mtu.go:44.59,46.13 2 1
qmanager/internal/api/handlers/network_mtu.go:54.2,59.4 1 1
qmanager/internal/api/handlers/network_mtu.go:68.76,70.65 2 1
qmanager/internal/api/handlers/network_mtu.go:70.65,73.3 2 1
qmanager/internal/api/handlers/network_mtu.go:76.2,76.84 1 1
qmanager/internal/api/handlers/network_mtu.go:76.84,86.3 4 1
qmanager/internal/api/handlers/network_mtu.go:88.2,89.45 2 1
qmanager/internal/api/handlers/network_mtu.go:89.45,91.3 1 1
qmanager/internal/api/handlers/network_mtu.go:91.8,91.51 1 0
qmanager/internal/api/handlers/network_mtu.go:91.51,94.17 3 0
qmanager/internal/api/handlers/network_mtu.go:94.17,97.4 2 0
qmanager/internal/api/handlers/network_mtu.go:98.8,101.3 2 0
qmanager/internal/api/handlers/network_mtu.go:103.2,103.35 1 1
qmanager/internal/api/handlers/network_mtu.go:103.35,106.3 2 1
qmanager/internal/api/handlers/network_mtu.go:109.2,120.4 5 1
qmanager/internal/api/handlers/network_mtu.go:123.38,126.34 2 1
qmanager/internal/api/handlers/network_mtu.go:126.34,127.27 1 0
qmanager/internal/api/handlers/network_mtu.go:127.27,129.18 2 0
qmanager/internal/api/handlers/network_mtu.go:129.18,131.30 2 0
qmanager/internal/api/handlers/network_mtu.go:131.30,133.6 1 0
qmanager/internal/api/handlers/network_mtu.go:137.2,137.18 1 1
qmanager/internal/api/handlers/network_mtu.go:140.42,142.26 2 1
qmanager/internal/api/handlers/network_mtu.go:142.26,145.3 2 0
qmanager/internal/api/handlers/network_mtu.go:146.2,146.12 1 1
qmanager/internal/api/handlers/public.go:22.110,28.2 1 1
qmanager/internal/api/handlers/public.go:31.74,36.31 4 1
qmanager/internal/api/handlers/public.go:36.31,44.3 1 0
qmanager/internal/api/handlers/public.go:45.2,45.42 1 1
qmanager/internal/api/handlers/public.go:45.42,53.3 1 0
qmanager/internal/api/handlers/public.go:55.2,74.4 1 1
qmanager/internal/api/handlers/public.go:78.74,81.14 3 1
qmanager/internal/api/handlers/public.go:81.14,82.61 1 1
qmanager/internal/api/handlers/public.go:82.61,84.4 1 1
qmanager/internal/api/handlers/public.go:84.9,86.4 1 0
qmanager/internal/api/handlers/public.go:89.2,91.4 1 1
qmanager/internal/api/handlers/public.go:95.71,98.20 3 1
qmanager/internal/api/handlers/public.go:98.20,100.3 1 0
qmanager/internal/api/handlers/public.go:101.2,102.20 2 1
qmanager/internal/api/handlers/public.go:102.20,104.3 1 0
qmanager/internal/api/handlers/public.go:106.2,109.4 1 1
qmanager/internal/api/handlers/scenarios.go:46.67,52.2 1 1
qmanager/internal/api/handlers/scenarios.go:55.76,60.2 4 1
qmanager/internal/api/handlers/scenarios.go:62.56,64.16 2 1
qmanager/internal/api/handlers/scenarios.go:64.16,66.3 1 1
qmanager/internal/api/handlers/scenarios.go:67.2,68.14 2 1
qmanager/internal/api/handlers/scenarios.go:68.14,70.3 1 0
qmanager/internal/api/handlers/scenarios.go:71.2,71.11 1 1
qmanager/internal/api/handlers/scenarios.go:74.64,76.14 2 1
qmanager/internal/api/handlers/scenarios.go:76.14,78.3 1 0
qmanager/internal/api/handlers/scenarios.go:79.2,79.61 1 1
qmanager/internal/api/handlers/scenarios.go:108.72,117.16 7 1
qmanager/internal/api/handlers/scenarios.go:117.16,118.29 1 1
qmanager/internal/api/handlers/scenarios.go:118.29,119.58 1 1
qmanager/internal/api/handlers/scenarios.go:119.58,120.13 1 0
qmanager/internal/api/handlers/scenarios.go:122.4,124.18 3 1
qmanager/internal/api/handlers/scenarios.go:124.18,125.13 1 0
qmanager/internal/api/handlers/scenarios.go:127.4,128.51 2 1
qmanager/internal/api/handlers/scenarios.go:128.51,129.13 1 1
qmanager/internal/api/handlers/scenarios.go:131.4,131.36 1 0
qmanager/internal/api/handlers/scenarios.go:135.2,135.22 1 1
qmanager/internal/api/handlers/scenarios.go:135.22,137.3 1 1
qmanager/internal/api/handlers/scenarios.go:139.2,142.4 1 1
qmanager/internal/api/handlers/scenarios.go:146.74,154.2 4 1
qmanager/internal/api/handlers/scenarios.go:157.72,159.59 2 1
qmanager/internal/api/handlers/scenarios.go:159.59,162.3 2 1
qmanager/internal/api/handlers/scenarios.go:164.2,165.18 2 1
qmanager/internal/api/handlers/scenarios.go:165.18,168.3 2 1
qmanager/internal/api/handlers/scenarios.go:170.2,171.22 2 1
qmanager/internal/api/handlers/scenarios.go:171.22,173.3 1 1
qmanager/internal/api/handlers/scenarios.go:175.2,180.11 5 1
qmanager/internal/api/handlers/scenarios.go:180.11,183.3 2 1
qmanager/internal/api/handlers/scenarios.go:183.8,183.62 1 1
qmanager/internal/api/handlers/scenarios.go:183.62,186.3 2 1
qmanager/internal/api/handlers/scenarios.go:188.2,189.22 2 1
qmanager/internal/api/handlers/scenarios.go:189.22,191.3 1 1
qmanager/internal/api/handlers/scenarios.go:193.2,195.16 3 1
qmanager/internal/api/handlers/scenarios.go:195.16,198.3 2 0
qmanager/internal/api/handlers/scenarios.go:200.2,200.55 1 1
qmanager/internal/api/handlers/scenarios.go:200.55,203.3 2 0
qmanager/internal/api/handlers/scenarios.go:205.2,210.4 1 1
qmanager/internal/api/handlers/scenarios.go:214.74,216.14 2 1
qmanager/internal/api/handlers/scenarios.go:216.14,218.3 1 1
qmanager/internal/api/handlers/scenarios.go:219.2,219.45 1 1
qmanager/internal/api/handlers/scenarios.go:219.45,225.3 3 1
qmanager/internal/api/handlers/scenarios.go:226.2,226.14 1 1
qmanager/internal/api/handlers/scenarios.go:226.14,228.109 2 1
qmanager/internal/api/handlers/scenarios.go:228.109,230.4 1 1
qmanager/internal/api/handlers/scenarios.go:232.2,233.14 2 1
qmanager/internal/api/handlers/scenarios.go:233.14,236.3 2 0
qmanager/internal/api/handlers/scenarios.go:238.2,238.53 1 1
qmanager/internal/api/handlers/scenarios.go:238.53,241.3 2 1
qmanager/internal/api/handlers/scenarios.go:243.2,247.41 4 1
qmanager/internal/api/handlers/scenarios.go:247.41,250.3 2 1
qmanager/internal/api/handlers/scenarios.go:252.2,255.35 2 1
qmanager/internal/api/handlers/scenarios.go:255.35,257.3 1 1
qmanager/internal/api/handlers/scenarios.go:259.2,262.4 1 1
qmanager/internal/api/handlers/scenarios.go:266.76,273.14 4 1
qmanager/internal/api/handlers/scenarios.go:273.14,275.3 1 1
qmanager/internal/api/handlers/scenarios.go:276.2,277.14 2 1
qmanager/internal/api/handlers/scenarios.go:277.14,280.3 2 0
qmanager/internal/api/handlers/scenarios.go:282.2,283.39 2 1
qmanager/internal/api/handlers/scenarios.go:283.39,285.3 1 1
qmanager/internal/api/handlers/scenarios.go:285.8,290.17 5 1
qmanager/internal/api/handlers/scenarios.go:290.17,293.4 2 1
qmanager/internal/api/handlers/scenarios.go:294.3,294.52 1 1
qmanager/internal/api/handlers/scenarios.go:294.52,297.4 2 0
qmanager/internal/api/handlers/scenarios.go:301.2,302.24 2 1
qmanager/internal/api/handlers/scenarios.go:302.24,304.55 2 1
qmanager/internal/api/handlers/scenarios.go:304.55,307.4 2 0
qmanager/internal/api/handlers/scenarios.go:311.2,311.27 1 1
qmanager/internal/api/handlers/scenarios.go:311.27,314.3 2 1
qmanager/internal/api/handlers/scenarios.go:317.2,317.29 1 1
qmanager/internal/api/handlers/scenarios.go:317.29,320.3 2 0
qmanager/internal/api/handlers/scenarios.go:323.2,323.28 1 1
qmanager/internal/api/handlers/scenarios.go:323.28,326.3 2 1
qmanager/internal/api/handlers/scenarios.go:328.2,342.4 4 1
qmanager/internal/api/handlers/sim_profiles.go:105.71,112.2 1 1
qmanager/internal/api/handlers/sim_profiles.go:115.87,121.2 5 1
qmanager/internal/api/handlers/sim_profiles.go:123.57,125.16 2 1
qmanager/internal/api/handlers/sim_profiles.go:125.16,127.3 1 1
qmanager/internal/api/handlers/sim_profiles.go:128.2,128.40 1 1
qmanager/internal/api/handlers/sim_profiles.go:131.65,133.14 2 1
qmanager/internal/api/handlers/sim_profiles.go:133.14,136.3 2 1
qmanager/internal/api/handlers/sim_profiles.go:137.2,137.60 1 1
qmanager/internal/api/handlers/sim_profiles.go:140.33,145.2 4 1
qmanager/internal/api/handlers/sim_profiles.go:148.74,157.16 7 1
qmanager/internal/api/handlers/sim_profiles.go:157.16,158.29 1 1
qmanager/internal/api/handlers/sim_profiles.go:158.29,159.58 1 1
qmanager/internal/api/handlers/sim_profiles.go:159.58,160.13 1 0
qmanager/internal/api/handlers/sim_profiles.go:162.4,164.18 3 1
qmanager/internal/api/handlers/sim_profiles.go:164.18,165.13 1 0
qmanager/internal/api/handlers/sim_profiles.go:167.4,168.51 2 1
qmanager/internal/api/handlers/sim_profiles.go:168.51,169.13 1 0
qmanager/internal/api/handlers/sim_profiles.go:171.4,181.6 1 1
qmanager/internal/api/handlers/sim_profiles.go:185.2,185.22 1 1
qmanager/internal/api/handlers/sim_profiles.go:185.22,187.3 1 1
qmanager/internal/api/handlers/sim_profiles.go:189.2,190.20 2 1
qmanager/internal/api/handlers/sim_profiles.go:190.20,192.3 1 1
qmanager/internal/api/handlers/sim_profiles.go:194.2,197.4 1 1
qmanager/internal/api/handlers/sim_profiles.go:201.73,203.14 2 1
qmanager/internal/api/handlers/sim_profiles.go:203.14,205.3 1 1
qmanager/internal/api/handlers/sim_profiles.go:206.2,206.14 1 1
qmanager/internal/api/handlers/sim_profiles.go:206.14,208.108 2 0
qmanager/internal/api/handlers/sim_profiles.go:208.108,210.4 1 0
qmanager/internal/api/handlers/sim_profiles.go:212.2,213.14 2 1
qmanager/internal/api/handlers/sim_profiles.go:213.14,216.3 2 0
qmanager/internal/api/handlers/sim_profiles.go:218.2,223.16 5 1
qmanager/internal/api/handlers/sim_profiles.go:223.16,226.3 2 0
qmanager/internal/api/handlers/sim_profiles.go:228.2,229.49 2 1
qmanager/internal/api/handlers/sim_profiles.go:229.49,232.3 2 0
qmanager/internal/api/handlers/sim_profiles.go:234.2,234.27 1 1
qmanager/internal/api/handlers/sim_profiles.go:238.74,240.59 2 1
qmanager/internal/api/handlers/sim_profiles.go:240.59,243.3 2 0
qmanager/internal/api/handlers/sim_profiles.go:245.2,246.18 2 1
qmanager/internal/api/handlers/sim_profiles.go:246.18,249.3 2 0
qmanager/internal/api/handlers/sim_profiles.go:251.2,251.26 1 1
qmanager/internal/api/handlers/sim_profiles.go:251.26,254.3 2 0
qmanager/internal/api/handlers/sim_profiles.go:256.2,256.30 1 1
qmanager/internal/api/handlers/sim_profiles.go:256.30,258.3 1 0
qmanager/internal/api/handlers/sim_profiles.go:259.2,260.98 2 1
qmanager/internal/api/handlers/sim_profiles.go:260.98,263.3 2 0
qmanager/internal/api/handlers/sim_profiles.go:265.2,265.25 1 1
qmanager/internal/api/handlers/sim_profiles.go:265.25,267.3 1 0
qmanager/internal/api/handlers/sim_profiles.go:269.2,269.27 1 1
qmanager/internal/api/handlers/sim_profiles.go:269.27,271.64 2 0
qmanager/internal/api/handlers/sim_profiles.go:271.64,274.4 2 0
qmanager/internal/api/handlers/sim_profiles.go:277.2,277.77 1 1
qmanager/internal/api/handlers/sim_profiles.go:277.77,280.3 2 0
qmanager/internal/api/handlers/sim_profiles.go:281.2,281.74 1 1
qmanager/internal/api/handlers/sim_profiles.go:281.74,284.3 2 0
qmanager/internal/api/handlers/sim_profiles.go:286.2,291.11 5 1
qmanager/internal/api/handlers/sim_profiles.go:291.11,295.29 3 1
qmanager/internal/api/handlers/sim_profiles.go:295.29,296.44 1 0
qmanager/internal/api/handlers/sim_profiles.go:296.44,298.5 1 0
qmanager/internal/api/handlers/sim_profiles.go:300.3,300.27 1 1
qmanager/internal/api/handlers/sim_profiles.go:300.27,303.4 2 0
qmanager/internal/api/handlers/sim_profiles.go:304.3,305.34 2 1
qmanager/internal/api/handlers/sim_profiles.go:308.2,309.22 2 1
qmanager/internal/api/handlers/sim_profiles.go:309.22,311.3 1 0
qmanager/internal/api/handlers/sim_profiles.go:313.2,315.16 3 1
qmanager/internal/api/handlers/sim_profiles.go:315.16,318.3 2 0
qmanager/internal/api/handlers/sim_profiles.go:320.2,320.55 1 1
qmanager/internal/api/handlers/sim_profiles.go:320.55,323.3 2 0
qmanager/internal/api/handlers/sim_profiles.go:325.2,330.4 1 1
qmanager/internal/api/handlers/sim_profiles.go:334.76,336.14 2 1
qmanager/internal/api/handlers/sim_profiles.go:336.14,338.3 1 1
qmanager/internal/api/handlers/sim_profiles.go:339.2,339.45 1 1
qmanager/internal/api/handlers/sim_profiles.go:339.45,345.3 3 1
qmanager/internal/api/handlers/sim_profiles.go:346.2,346.14 1 1
qmanager/internal/api/handlers/sim_profiles.go:346.14,348.108 2 1
qmanager/internal/api/handlers/sim_profiles.go:348.108,350.4 1 1
qmanager/internal/api/handlers/sim_profiles.go:352.2,353.14 2 1
qmanager/internal/api/handlers/sim_profiles.go:353.14,356.3 2 0
qmanager/internal/api/handlers/sim_profiles.go:358.2,362.41 4 1
qmanager/internal/api/handlers/sim_profiles.go:362.41,365.3 2 0
qmanager/internal/api/handlers/sim_profiles.go:367.2,370.34 2 1
qmanager/internal/api/handlers/sim_profiles.go:370.34,372.3 1 1
qmanager/internal/api/handlers/sim_profiles.go:374.2,377.4 1 1
qmanager/internal/api/handlers/sim_profiles.go:381.75,388.14 4 1
qmanager/internal/api/handlers/sim_profiles.go:388.14,390.3 1 1
qmanager/internal/api/handlers/sim_profiles.go:391.2,392.14 2 1
qmanager/internal/api/handlers/sim_profiles.go:392.14,395.3 2 0
qmanager/internal/api/handlers/sim_profiles.go:397.2,400.16 4 1
qmanager/internal/api/handlers/sim_profiles.go:400.16,404.3 3 0
qmanager/internal/api/handlers/sim_profiles.go:406.2,423.12 7 1
qmanager/internal/api/handlers/sim_profiles.go:423.12,431.61 5 1
qmanager/internal/api/handlers/sim_profiles.go:431.61,433.53 2 0
qmanager/internal/api/handlers/sim_profiles.go:433.53,435.5 1 0
qmanager/internal/api/handlers/sim_profiles.go:435.10,435.61 1 0
qmanager/internal/api/handlers/sim_profiles.go:435.61,437.5 1 0
qmanager/internal/api/handlers/sim_profiles.go:437.10,437.65 1 0
qmanager/internal/api/handlers/sim_profiles.go:437.65,439.5 1 0
qmanager/internal/api/handlers/sim_profiles.go:440.4,441.33 2 0
qmanager/internal/api/handlers/sim_profiles.go:445.3,445.28 1 1
qmanager/internal/api/handlers/sim_profiles.go:445.28,448.4 2 0
qmanager/internal/api/handlers/sim_profiles.go:450.3,455.26 6 1
qmanager/internal/api/handlers/sim_profiles.go:458.2,463.4 1 1
qmanager/internal/api/handlers/sim_profiles.go:467.81,472.16 4 1
qmanager/internal/api/handlers/sim_profiles.go:472.16,478.3 2 0
qmanager/internal/api/handlers/sim_profiles.go:480.2,481.53 2 1
qmanager/internal/api/handlers/sim_profiles.go:481.53,487.3 2 0
qmanager/internal/api/handlers/sim_profiles.go:489.2,489.31 1 1
qmanager/internal/api/handlers/sim_profiles.go:492.68,495.16 3 1
qmanager/internal/api/handlers/sim_profiles.go:495.16,497.3 1 0
qmanager/internal/api/handlers/sim_profiles.go:498.2,498.53 1 1
qmanager/internal/api/handlers/sim_profiles.go:502.85,506.20 3 1
qmanager/internal/api/handlers/sim_profiles.go:506.20,508.3 1 1
qmanager/internal/api/handlers/sim_profiles.go:510.2,511.34 2 1
qmanager/internal/api/handlers/sim_profiles.go:527.60,534.26 3 1
qmanager/internal/api/handlers/sim_profiles.go:534.26,538.43 2 1
qmanager/internal/api/handlers/sim_profiles.go:538.43,542.23 4 1
qmanager/internal/api/handlers/sim_profiles.go:542.23,546.16 4 1
qmanager/internal/api/handlers/sim_profiles.go:546.16,553.6 1 1
qmanager/internal/api/handlers/sim_profiles.go:558.3,558.41 1 1
qmanager/internal/api/handlers/sim_profiles.go:558.41,560.4 1 1
qmanager/internal/api/handlers/sim_profiles.go:563.3,563.41 1 1
qmanager/internal/api/handlers/sim_profiles.go:563.41,568.4 3 1
qmanager/internal/api/handlers/sim_profiles.go:571.3,571.40 1 1
qmanager/internal/api/handlers/sim_profiles.go:571.40,573.24 2 1
qmanager/internal/api/handlers/sim_profiles.go:573.24,577.42 4 1
qmanager/internal/api/handlers/sim_profiles.go:577.42,580.6 2 1
qmanager/internal/api/handlers/sim_profiles.go:585.3,585.40 1 1
qmanager/internal/api/handlers/sim_profiles.go:585.40,587.23 2 1
qmanager/internal/api/handlers/sim_profiles.go:587.23,590.47 3 1
qmanager/internal/api/handlers/sim_profiles.go:590.47,592.6 1 1
qmanager/internal/api/handlers/sim_profiles.go:597.2,597.12 1 1
qmanager/internal/api/handlers/sim_profiles.go:600.31,601.22 1 1
qmanager/internal/api/handlers/sim_profiles.go:601.22,602.25 1 1
qmanager/internal/api/handlers/sim_profiles.go:602.25,604.4 1 0
qmanager/internal/api/handlers/sim_profiles.go:606.2,606.19 1 1
qmanager/internal/api/handlers/sim_registry.go:31.50,35.2 1 1
qmanager/internal/api/handlers/sim_registry.go:38.85,42.32 3 1
qmanager/internal/api/handlers/sim_registry.go:42.32,49.3 3 1
qmanager/internal/api/handlers/sim_registry.go:51.2,51.33 1 1
qmanager/internal/api/handlers/sim_registry.go:51.33,58.66 2 1
qmanager/internal/api/handlers/sim_registry.go:58.66,61.4 2 1
qmanager/internal/api/handlers/sim_registry.go:63.3,64.25 2 1
qmanager/internal/api/handlers/sim_registry.go:65.25,67.27 2 1
qmanager/internal/api/handlers/sim_registry.go:67.27,68.37 1 1
qmanager/internal/api/handlers/sim_registry.go:68.37,71.11 3 1
qmanager/internal/api/handlers/sim_registry.go:74.4,74.41 1 1
qmanager/internal/api/handlers/sim_registry.go:74.41,76.5 1 1
qmanager/internal/api/handlers/sim_registry.go:77.4,78.90 2 1
qmanager/internal/api/handlers/sim_registry.go:79.17,81.27 2 1
qmanager/internal/api/handlers/sim_registry.go:81.27,82.33 1 1
qmanager/internal/api/handlers/sim_registry.go:82.33,84.6 1 1
qmanager/internal/api/handlers/sim_registry.go:86.4,87.87 2 1
qmanager/internal/api/handlers/sim_registry.go:88.11,89.55 1 1
qmanager/internal/api/handlers/sim_registry.go:94.59,96.16 2 1
qmanager/internal/api/handlers/sim_registry.go:96.16,98.3 1 1
qmanager/internal/api/handlers/sim_registry.go:99.2,101.13 3 1
qmanager/internal/api/handlers/sim_registry.go:104.69,109.16 4 1
qmanager/internal/api/handlers/sim_registry.go:109.16,111.3 1 0
qmanager/internal/api/handlers/sim_registry.go:112.2,112.41 1 1
qmanager/internal/api/handlers/sms.go:36.54,38.16 2 1
qmanager/internal/api/handlers/sms.go:38.16,40.3 1 1
qmanager/internal/api/handlers/sms.go:41.2,42.15 2 1
qmanager/internal/api/handlers/sms.go:42.15,44.3 1 1
qmanager/internal/api/handlers/sms.go:45.2,49.3 1 1
qmanager/internal/api/handlers/sms.go:53.75,58.16 4 1
qmanager/internal/api/handlers/sms.go:58.16,68.3 3 0
qmanager/internal/api/handlers/sms.go:70.2,75.4 2 1
qmanager/internal/api/handlers/sms.go:79.70,81.2 1 1
qmanager/internal/api/handlers/sms.go:84.78,97.65 4 1
qmanager/internal/api/handlers/sms.go:97.65,100.3 2 1
qmanager/internal/api/handlers/sms.go:102.2,102.24 1 1
qmanager/internal/api/handlers/sms.go:103.14,104.63 1 1
qmanager/internal/api/handlers/sms.go:105.16,107.31 2 1
qmanager/internal/api/handlers/sms.go:107.31,109.4 1 0
qmanager/internal/api/handlers/sms.go:109.9,109.34 1 1
qmanager/internal/api/handlers/sms.go:109.34,111.4 1 1
qmanager/internal/api/handlers/sms.go:112.3,112.56 1 1
qmanager/internal/api/handlers/sms.go:113.20,114.36 1 1
qmanager/internal/api/handlers/sms.go:115.10,116.85 1 0
qmanager/internal/api/handlers/sms.go:121.70,129.101 4 1
qmanager/internal/api/handlers/sms.go:129.101,132.3 2 0
qmanager/internal/api/handlers/sms.go:134.2,134.54 1 1
qmanager/internal/api/handlers/sms.go:138.72,143.19 4 1
qmanager/internal/api/handlers/sms.go:143.19,145.3 1 1
qmanager/internal/api/handlers/sms.go:146.2,149.21 3 1
qmanager/internal/api/handlers/sms.go:149.21,152.3 2 0
qmanager/internal/api/handlers/sms.go:154.2,155.27 2 1
qmanager/internal/api/handlers/sms.go:155.27,158.3 2 0
qmanager/internal/api/handlers/sms.go:160.2,160.53 1 1
qmanager/internal/api/handlers/sms.go:163.103,165.17 2 1
qmanager/internal/api/handlers/sms.go:165.17,173.3 3 1
qmanager/internal/api/handlers/sms.go:174.2,174.38 1 1
qmanager/internal/api/handlers/sms.go:174.38,182.3 3 1
qmanager/internal/api/handlers/sms.go:184.2,184.20 1 1
qmanager/internal/api/handlers/sms.go:184.20,188.17 4 0
qmanager/internal/api/handlers/sms.go:188.17,194.4 2 0
qmanager/internal/api/handlers/sms.go:195.3,196.22 2 0
qmanager/internal/api/handlers/sms.go:196.22,204.4 3 0
qmanager/internal/api/handlers/sms.go:207.2,207.21 1 1
qmanager/internal/api/handlers/sms.go:207.21,211.17 4 1
qmanager/internal/api/handlers/sms.go:211.17,219.4 3 0
qmanager/internal/api/handlers/sms.go:220.3,220.41 1 1
qmanager/internal/api/handlers/sms.go:220.41,228.4 3 0
qmanager/internal/api/handlers/sms.go:229.3,233.9 2 1
qmanager/internal/api/handlers/sms.go:236.2,236.72 1 0
qmanager/internal/api/handlers/sms.go:239.110,240.23 1 1
qmanager/internal/api/handlers/sms.go:240.23,248.3 3 0
qmanager/internal/api/handlers/sms.go:250.2,250.21 1 1
qmanager/internal/api/handlers/sms.go:250.21,252.3 1 1
qmanager/internal/api/handlers/sms.go:254.2,254.20 1 1
qmanager/internal/api/handlers/sms.go:254.20,256.31 2 0
qmanager/internal/api/handlers/sms.go:256.31,258.52 2 0
qmanager/internal/api/handlers/sms.go:258.52,260.5 1 0
qmanager/internal/api/handlers/sms.go:262.3,262.22 1 0
qmanager/internal/api/handlers/sms.go:262.22,270.4 3 0
qmanager/internal/api/handlers/sms.go:271.3,272.9 2 0
qmanager/internal/api/handlers/sms.go:275.2,275.21 1 1
qmanager/internal/api/handlers/sms.go:275.21,277.31 2 1
qmanager/internal/api/handlers/sms.go:277.31,280.4 2 1
qmanager/internal/api/handlers/sms.go:281.3,282.9 2 1
qmanager/internal/api/handlers/sms.go:285.2,285.72 1 0
qmanager/internal/api/handlers/sms.go:288.82,289.20 1 1
qmanager/internal/api/handlers/sms.go:289.20,296.3 6 0
qmanager/internal/api/handlers/sms.go:298.2,298.21 1 1
qmanager/internal/api/handlers/sms.go:298.21,299.43 1 1
qmanager/internal/api/handlers/sms.go:299.43,302.4 2 1
qmanager/internal/api/handlers/sms.go:303.3,304.9 2 1
qmanager/internal/api/handlers/sms.go:307.2,307.72 1 0
qmanager/internal/api/handlers/sms.go:310.40,311.50 1 1
qmanager/internal/api/handlers/sms.go:311.50,313.3 1 1
qmanager/internal/api/handlers/sms.go:314.2,314.14 1 1
qmanager/internal/api/handlers/sms_forwarding.go:38.98,40.19 2 1
qmanager/internal/api/handlers/sms_forwarding.go:40.19,42.3 1 1
qmanager/internal/api/handlers/sms_forwarding.go:43.2,44.20 2 1
qmanager/internal/api/handlers/sms_forwarding.go:44.20,46.3 1 1
qmanager/internal/api/handlers/sms_forwarding.go:47.2,48.18 2 1
qmanager/internal/api/handlers/sms_forwarding.go:48.18,50.3 1 1
qmanager/internal/api/handlers/sms_forwarding.go:52.2,58.3 1 1
qmanager/internal/api/handlers/sms_forwarding.go:62.84,75.2 6 1
qmanager/internal/api/handlers/sms_forwarding.go:78.85,94.65 4 1
qmanager/internal/api/handlers/sms_forwarding.go:94.65,97.3 2 0
qmanager/internal/api/handlers/sms_forwarding.go:99.2,99.24 1 1
qmanager/internal/api/handlers/sms_forwarding.go:100.31,101.190 1 1
qmanager/internal/api/handlers/sms_forwarding.go:102.33,103.27 1 1
qmanager/internal/api/handlers/sms_forwarding.go:104.10,105.85 1 0
qmanager/internal/api/handlers/sms_forwarding.go:119.3,122.34 2 1
qmanager/internal/api/handlers/sms_forwarding.go:122.34,123.50 1 1
qmanager/internal/api/handlers/sms_forwarding.go:123.50,131.4 3 0
qmanager/internal/api/handlers/sms_forwarding.go:134.2,137.25 4 1
qmanager/internal/api/handlers/sms_forwarding.go:137.25,139.3 1 0
qmanager/internal/api/handlers/sms_forwarding.go:140.2,140.47 1 1
qmanager/internal/api/handlers/sms_forwarding.go:140.47,142.3 1 0
qmanager/internal/api/handlers/sms_forwarding.go:143.2,143.27 1 1
qmanager/internal/api/handlers/sms_forwarding.go:143.27,145.3 1 0
qmanager/internal/api/handlers/sms_forwarding.go:146.2,146.47 1 1
qmanager/internal/api/handlers/sms_forwarding.go:146.47,148.3 1 0
qmanager/internal/api/handlers/sms_forwarding.go:149.2,149.25 1 1
qmanager/internal/api/handlers/sms_forwarding.go:149.25,151.3 1 1
qmanager/internal/api/handlers/sms_forwarding.go:152.2,152.18 1 1
qmanager/internal/api/handlers/sms_forwarding.go:152.18,154.3 1 0
qmanager/internal/api/handlers/sms_forwarding.go:156.2,156.50 1 1
qmanager/internal/api/handlers/sms_forwarding.go:156.50,164.3 3 0
qmanager/internal/api/handlers/sms_forwarding.go:167.2,176.4 3 1
qmanager/internal/api/handlers/sms_forwarding.go:179.75,182.2 2 1
qmanager/internal/api/handlers/sms_forwarding.go:184.79,187.16 3 1
qmanager/internal/api/handlers/sms_forwarding.go:187.16,189.3 1 1
qmanager/internal/api/handlers/sms_forwarding.go:190.2,190.49 1 1
qmanager/internal/api/handlers/sms_forwarding.go:190.49,192.3 1 0
qmanager/internal/api/handlers/sms_forwarding.go:193.2,193.10 1 1
qmanager/internal/api/handlers/sms_forwarding.go:196.87,198.47 2 1
qmanager/internal/api/handlers/sms_forwarding.go:198.47,200.3 1 0
qmanager/internal/api/handlers/sms_forwarding.go:201.2,202.16 2 1
qmanager/internal/api/handlers/sms_forwarding.go:202.16,204.3 1 0
qmanager/internal/api/handlers/sms_forwarding.go:205.2,206.58 2 1
qmanager/internal/api/handlers/sms_forwarding.go:206.58,208.3 1 0
qmanager/internal/api/handlers/sms_forwarding.go:209.2,209.41 1 1
qmanager/internal/api/handlers/sms_forwarding.go:212.80,215.16 3 1
qmanager/internal/api/handlers/sms_forwarding.go:215.16,217.3 1 1
qmanager/internal/api/handlers/sms_forwarding.go:218.2,218.52 1 0
qmanager/internal/api/handlers/sms_forwarding.go:218.52,220.3 1 0
qmanager/internal/api/handlers/sms_forwarding.go:221.2,221.13 1 0
qmanager/internal/api/handlers/sms_forwarding.go:224.73,229.54 2 1
qmanager/internal/api/handlers/sms_forwarding.go:229.54,230.14 1 0
qmanager/internal/api/handlers/sms_forwarding.go:230.14,232.4 1 0
qmanager/internal/api/handlers/sms_forwarding.go:232.9,235.4 2 0
qmanager/internal/api/handlers/sms_forwarding.go:239.46,240.16 1 1
qmanager/internal/api/handlers/sms_forwarding.go:240.16,242.3 1 0
qmanager/internal/api/handlers/sms_forwarding.go:243.2,243.25 1 1
qmanager/internal/api/handlers/sms_forwarding.go:244.12,245.11 1 1
qmanager/internal/api/handlers/sms_forwarding.go:246.14,248.60 2 1
qmanager/internal/api/handlers/sms_forwarding.go:249.15,250.16 1 0
qmanager/internal/api/handlers/sms_forwarding.go:251.11,252.16 1 1
qmanager/internal/api/handlers/sms_forwarding.go:254.2,254.14 1 0
qmanager/internal/api/handlers/speedtest.go:32.46,34.2 1 1
qmanager/internal/api/handlers/speedtest.go:37.83,42.2 2 1
qmanager/internal/api/handlers/speedtest.go:55.80,56.54 1 1
qmanager/internal/api/handlers/speedtest.go:56.54,59.3 2 1
qmanager/internal/api/handlers/speedtest.go:61.2,63.16 3 0
qmanager/internal/api/handlers/speedtest.go:63.16,66.3 2 0
qmanager/internal/api/handlers/speedtest.go:68.2,71.53 2 0
qmanager/internal/api/handlers/speedtest.go:71.53,74.3 2 0
qmanager/internal/api/handlers/speedtest.go:76.2,79.4 1 0
qmanager/internal/api/handlers/speedtest.go:88.78,90.15 2 1
qmanager/internal/api/handlers/speedtest.go:90.15,94.3 3 0
qmanager/internal/api/handlers/speedtest.go:95.2,106.54 9 1
qmanager/internal/api/handlers/speedtest.go:106.54,108.3 1 1
qmanager/internal/api/handlers/speedtest.go:110.2,114.16 4 1
qmanager/internal/api/handlers/speedtest.go:114.16,120.3 5 0
qmanager/internal/api/handlers/speedtest.go:122.2,122.36 1 1
qmanager/internal/api/handlers/speedtest.go:122.36,128.3 5 1
qmanager/internal/api/handlers/speedtest.go:130.2,132.12 2 0
qmanager/internal/api/handlers/speedtest.go:132.12,133.16 1 0
qmanager/internal/api/handlers/speedtest.go:133.16,139.4 5 0
qmanager/internal/api/handlers/speedtest.go:141.3,143.22 3 0
qmanager/internal/api/handlers/speedtest.go:143.22,145.37 2 0
qmanager/internal/api/handlers/speedtest.go:145.37,146.13 1 0
qmanager/internal/api/handlers/speedtest.go:150.4,153.49 2 0
qmanager/internal/api/handlers/speedtest.go:153.49,155.5 1 0
qmanager/internal/api/handlers/speedtest.go:158.3,160.23 2 0
qmanager/internal/api/handlers/speedtest.go:160.23,162.4 1 0
qmanager/internal/api/handlers/speedtest.go:162.9,164.4 1 0
qmanager/internal/api/handlers/speedtest.go:167.2,170.4 1 0
qmanager/internal/api/handlers/speedtest.go:174.78,179.13 4 1
qmanager/internal/api/handlers/speedtest.go:179.13,181.83 2 0
qmanager/internal/api/handlers/speedtest.go:181.83,183.4 1 0
qmanager/internal/api/handlers/speedtest.go:185.3,189.9 2 0
qmanager/internal/api/handlers/speedtest.go:192.2,192.85 1 1
qmanager/internal/api/handlers/speedtest.go:192.85,198.3 2 0
qmanager/internal/api/handlers/speedtest.go:200.2,200.86 1 1
qmanager/internal/api/handlers/speedtest.go:200.86,202.61 2 0
qmanager/internal/api/handlers/speedtest.go:202.61,208.4 2 0
qmanager/internal/api/handlers/speedtest.go:211.2,213.4 1 1
qmanager/internal/api/handlers/speedtest.go:217.77,221.42 3 1
qmanager/internal/api/handlers/speedtest.go:221.42,223.26 2 0
qmanager/internal/api/handlers/speedtest.go:223.26,226.4 2 0
qmanager/internal/api/handlers/speedtest.go:229.2,233.63 4 1
qmanager/internal/api/handlers/system.go:20.84,25.2 1 1
qmanager/internal/api/handlers/system.go:28.70,34.2 2 1
qmanager/internal/api/handlers/system.go:37.75,40.2 2 1
qmanager/internal/api/handlers/system.go:43.76,45.64 2 1
qmanager/internal/api/handlers/system.go:45.64,48.3 2 1
qmanager/internal/api/handlers/system.go:50.2,50.48 1 1
qmanager/internal/api/handlers/system.go:50.48,52.3 1 1
qmanager/internal/api/handlers/system.go:53.2,53.16 1 1
qmanager/internal/api/handlers/system.go:53.16,56.3 2 0
qmanager/internal/api/handlers/system.go:58.2,58.65 1 1
qmanager/internal/api/handlers/system.go:62.72,66.12 2 1
qmanager/internal/api/handlers/system.go:66.12,69.3 2 1
qmanager/internal/api/handlers/tailscale.go:13.46,15.2 1 1
qmanager/internal/api/handlers/tailscale.go:18.84,19.32 1 1
qmanager/internal/api/handlers/tailscale.go:19.32,21.17 2 1
qmanager/internal/api/handlers/tailscale.go:21.17,28.4 2 1
qmanager/internal/api/handlers/tailscale.go:30.3,31.54 2 0
qmanager/internal/api/handlers/tailscale.go:31.54,35.4 3 0
qmanager/internal/api/handlers/tailscale.go:37.3,42.9 2 0
qmanager/internal/api/handlers/tailscale.go:45.2,45.33 1 1
qmanager/internal/api/handlers/tailscale.go:45.33,53.66 2 1
qmanager/internal/api/handlers/tailscale.go:53.66,56.4 2 1
qmanager/internal/api/handlers/tailscale.go:58.3,58.25 1 1
qmanager/internal/api/handlers/tailscale.go:59.13,61.29 2 1
qmanager/internal/api/handlers/tailscale.go:61.29,63.5 1 1
qmanager/internal/api/handlers/tailscale.go:64.4,64.30 1 1
qmanager/internal/api/handlers/tailscale.go:64.30,66.5 1 1
qmanager/internal/api/handlers/tailscale.go:67.4,67.25 1 1
qmanager/internal/api/handlers/tailscale.go:67.25,69.5 1 1
qmanager/internal/api/handlers/tailscale.go:70.4,71.90 2 1
qmanager/internal/api/handlers/tailscale.go:72.15,74.92 2 1
qmanager/internal/api/handlers/tailscale.go:75.11,76.55 1 1
qmanager/internal/api/handlers/tower_schedule.go:70.77,75.2 1 1
qmanager/internal/api/handlers/tower_schedule.go:78.59,82.2 3 1
qmanager/internal/api/handlers/tower_schedule.go:84.57,93.16 8 1
qmanager/internal/api/handlers/tower_schedule.go:93.16,95.3 1 1
qmanager/internal/api/handlers/tower_schedule.go:97.2,98.12 2 1
qmanager/internal/api/handlers/tower_schedule.go:101.66,104.16 3 1
qmanager/internal/api/handlers/tower_schedule.go:104.16,106.3 1 0
qmanager/internal/api/handlers/tower_schedule.go:107.2,107.47 1 1
qmanager/internal/api/handlers/tower_schedule.go:111.79,121.56 8 1
qmanager/internal/api/handlers/tower_schedule.go:121.56,123.3 1 0
qmanager/internal/api/handlers/tower_schedule.go:123.8,125.3 1 1
qmanager/internal/api/handlers/tower_schedule.go:128.2,132.55 5 1
qmanager/internal/api/handlers/tower_schedule.go:132.55,134.3 1 0
qmanager/internal/api/handlers/tower_schedule.go:134.8,136.3 1 1
qmanager/internal/api/handlers/tower_schedule.go:139.2,142.60 4 1
qmanager/internal/api/handlers/tower_schedule.go:142.60,144.3 1 0
qmanager/internal/api/handlers/tower_schedule.go:144.8,146.3 1 1
qmanager/internal/api/handlers/tower_schedule.go:149.2,150.58 2 1
qmanager/internal/api/handlers/tower_schedule.go:150.58,152.3 1 0
qmanager/internal/api/handlers/tower_schedule.go:153.2,176.30 3 1
qmanager/internal/api/handlers/tower_schedule.go:179.60,181.26 2 1
qmanager/internal/api/handlers/tower_schedule.go:181.26,183.55 2 1
qmanager/internal/api/handlers/tower_schedule.go:183.55,185.23 2 1
qmanager/internal/api/handlers/tower_schedule.go:185.23,187.22 2 1
qmanager/internal/api/handlers/tower_schedule.go:187.22,189.6 1 1
qmanager/internal/api/handlers/tower_schedule.go:190.5,192.57 3 1
qmanager/internal/api/handlers/tower_schedule.go:192.57,200.6 4 1
qmanager/internal/api/handlers/tower_schedule.go:201.5,201.23 1 1
qmanager/internal/api/handlers/tower_schedule.go:205.2,205.32 1 0
qmanager/internal/api/handlers/tower_schedule.go:208.57,210.26 2 1
qmanager/internal/api/handlers/tower_schedule.go:210.26,212.55 2 1
qmanager/internal/api/handlers/tower_schedule.go:212.55,214.23 2 1
qmanager/internal/api/handlers/tower_schedule.go:214.23,216.22 2 1
qmanager/internal/api/handlers/tower_schedule.go:216.22,218.6 1 1
qmanager/internal/api/handlers/tower_schedule.go:220.5,220.24 1 1
qmanager/internal/api/handlers/tower_schedule.go:220.24,227.25 4 1
qmanager/internal/api/handlers/tower_schedule.go:227.25,230.7 2 1
qmanager/internal/api/handlers/tower_schedule.go:231.6,231.25 1 1
qmanager/internal/api/handlers/tower_schedule.go:231.25,234.7 2 1
qmanager/internal/api/handlers/tower_schedule.go:235.6,235.22 1 1
qmanager/internal/api/handlers/tower_schedule.go:237.5,237.21 1 0
qmanager/internal/api/handlers/tower_schedule.go:241.2,241.19 1 0
qmanager/internal/api/handlers/tower_schedule.go:244.49,247.26 2 1
qmanager/internal/api/handlers/tower_schedule.go:247.26,249.55 2 1
qmanager/internal/api/handlers/tower_schedule.go:249.55,251.23 2 1
qmanager/internal/api/handlers/tower_schedule.go:251.23,255.5 3 1
qmanager/internal/api/handlers/tower_schedule.go:255.10,255.30 1 1
qmanager/internal/api/handlers/tower_schedule.go:255.30,258.5 2 1
qmanager/internal/api/handlers/tower_schedule.go:261.2,261.21 1 1
qmanager/internal/api/handlers/tower_schedule.go:264.30,266.16 2 1
qmanager/internal/api/handlers/tower_schedule.go:266.16,268.3 1 1
qmanager/internal/api/handlers/tower_schedule.go:269.2,270.18 2 0
qmanager/internal/api/handlers/tower_schedule.go:270.18,272.3 1 0
qmanager/internal/api/handlers/tower_schedule.go:273.2,274.28 2 0
qmanager/internal/api/handlers/tower_schedule.go:274.28,276.3 1 0
qmanager/internal/api/handlers/tower_schedule.go:278.2,279.16 2 0
qmanager/internal/api/handlers/tower_schedule.go:279.16,281.3 1 0
qmanager/internal/api/handlers/tower_schedule.go:283.2,284.13 2 0
qmanager/internal/api/handlers/tower_schedule.go:288.87,294.58 5 1
qmanager/internal/api/handlers/tower_schedule.go:294.58,296.3 1 0
qmanager/internal/api/handlers/tower_schedule.go:298.2,302.4 1 1
qmanager/internal/api/handlers/tower_schedule.go:313.81,315.61 2 1
qmanager/internal/api/handlers/tower_schedule.go:315.61,318.3 2 0
qmanager/internal/api/handlers/tower_schedule.go:320.2,326.24 5 1
qmanager/internal/api/handlers/tower_schedule.go:326.24,329.19 3 1
qmanager/internal/api/handlers/tower_schedule.go:329.19,331.4 1 1
qmanager/internal/api/handlers/tower_schedule.go:333.3,334.17 2 1
qmanager/internal/api/handlers/tower_schedule.go:334.17,336.4 1 1
qmanager/internal/api/handlers/tower_schedule.go:339.2,339.32 1 1
qmanager/internal/api/handlers/tower_schedule.go:339.32,341.28 2 1
qmanager/internal/api/handlers/tower_schedule.go:341.28,346.4 3 1
qmanager/internal/api/handlers/tower_schedule.go:349.2,349.34 1 1
qmanager/internal/api/handlers/tower_schedule.go:349.34,350.67 1 1
qmanager/internal/api/handlers/tower_schedule.go:350.67,352.4 1 1
qmanager/internal/api/handlers/tower_schedule.go:355.2,355.42 1 1
qmanager/internal/api/handlers/tower_schedule.go:355.42,358.3 2 0
qmanager/internal/api/handlers/tower_schedule.go:360.2,369.22 2 1
qmanager/internal/api/handlers/tower_schedule.go:369.22,371.3 1 1
qmanager/internal/api/handlers/tower_schedule.go:373.2,373.30 1 1
qmanager/internal/api/handlers/tower_schedule.go:385.81,387.61 2 1
qmanager/internal/api/handlers/tower_schedule.go:387.61,390.3 2 1
qmanager/internal/api/handlers/tower_schedule.go:392.2,397.24 4 1
qmanager/internal/api/handlers/tower_schedule.go:397.24,399.3 1 1
qmanager/internal/api/handlers/tower_schedule.go:400.2,400.25 1 1
qmanager/internal/api/handlers/tower_schedule.go:400.25,402.3 1 1
qmanager/internal/api/handlers/tower_schedule.go:403.2,403.23 1 1
qmanager/internal/api/handlers/tower_schedule.go:403.23,405.3 1 1
qmanager/internal/api/handlers/tower_schedule.go:406.2,406.21 1 1
qmanager/internal/api/handlers/tower_schedule.go:406.21,408.3 1 1
qmanager/internal/api/handlers/tower_schedule.go:411.2,411.26 1 1
qmanager/internal/api/handlers/tower_schedule.go:411.26,412.81 1 1
qmanager/internal/api/handlers/tower_schedule.go:412.81,415.4 2 1
qmanager/internal/api/handlers/tower_schedule.go:416.3,416.34 1 1
qmanager/internal/api/handlers/tower_schedule.go:416.34,419.4 2 1
qmanager/internal/api/handlers/tower_schedule.go:422.2,422.42 1 1
qmanager/internal/api/handlers/tower_schedule.go:422.42,425.3 2 0
qmanager/internal/api/handlers/tower_schedule.go:428.2,428.26 1 1
qmanager/internal/api/handlers/tower_schedule.go:428.26,430.3 1 1
qmanager/internal/api/handlers/tower_schedule.go:430.8,432.3 1 1
qmanager/internal/api/handlers/tower_schedule.go:434.2,438.4 1 1
qmanager/internal/api/handlers/tower_schedule.go:441.33,443.21 2 1
qmanager/internal/api/handlers/tower_schedule.go:443.21,445.3 1 1
qmanager/internal/api/handlers/tower_schedule.go:446.2,448.32 3 1
qmanager/internal/api/handlers/tower_schedule.go:448.32,450.3 1 0
qmanager/internal/api/handlers/tower_schedule.go:451.2,451.47 1 1
qmanager/internal/api/handlers/traffic_engine.go:33.46,35.2 1 1
qmanager/internal/api/handlers/traffic_engine.go:38.78,43.69 3 1
qmanager/internal/api/handlers/traffic_engine.go:43.69,44.53 1 0
qmanager/internal/api/handlers/traffic_engine.go:44.53,46.4 1 0
qmanager/internal/api/handlers/traffic_engine.go:49.2,57.4 1 1
qmanager/internal/api/handlers/traffic_engine.go:69.79,71.65 2 1
qmanager/internal/api/handlers/traffic_engine.go:71.65,74.3 2 1
qmanager/internal/api/handlers/traffic_engine.go:76.2,76.31 1 1
qmanager/internal/api/handlers/traffic_engine.go:76.31,86.3 5 1
qmanager/internal/api/handlers/traffic_engine.go:88.2,89.28 2 1
qmanager/internal/api/handlers/traffic_engine.go:89.28,91.3 1 1
qmanager/internal/api/handlers/traffic_engine.go:93.2,94.34 2 1
qmanager/internal/api/handlers/traffic_engine.go:94.34,96.3 1 0
qmanager/internal/api/handlers/traffic_engine.go:98.2,99.13 2 1
qmanager/internal/api/handlers/traffic_engine.go:99.13,100.32 1 1
qmanager/internal/api/handlers/traffic_engine.go:100.32,103.4 2 1
qmanager/internal/api/handlers/traffic_engine.go:104.3,104.43 1 1
qmanager/internal/api/handlers/traffic_engine.go:104.43,107.4 2 1
qmanager/internal/api/handlers/traffic_engine.go:109.3,109.37 1 1
qmanager/internal/api/handlers/traffic_engine.go:109.37,111.15 2 1
qmanager/internal/api/handlers/traffic_engine.go:111.15,112.13 1 0
qmanager/internal/api/handlers/traffic_engine.go:114.4,115.17 2 1
qmanager/internal/api/handlers/traffic_engine.go:115.17,118.5 2 1
qmanager/internal/api/handlers/traffic_engine.go:119.4,119.42 1 1
qmanager/internal/api/handlers/traffic_engine.go:123.2,129.50 2 1
qmanager/internal/api/handlers/traffic_engine.go:129.50,132.3 2 0
qmanager/internal/api/handlers/traffic_engine.go:134.2,134.47 1 1
qmanager/internal/api/handlers/traffic_engine.go:134.47,137.3 2 0
qmanager/internal/api/handlers/traffic_engine.go:139.2,143.4 1 1
qmanager/internal/api/handlers/traffic_engine.go:146.51,151.88 3 1
qmanager/internal/api/handlers/traffic_engine.go:151.88,155.3 3 1
qmanager/internal/api/handlers/traffic_engine.go:157.2,157.41 1 1
qmanager/internal/api/handlers/traffic_engine.go:157.41,160.24 3 1
qmanager/internal/api/handlers/traffic_engine.go:160.24,162.4 1 0
qmanager/internal/api/handlers/traffic_engine.go:163.3,163.33 1 1
qmanager/internal/api/handlers/traffic_engine.go:163.33,165.4 1 1
qmanager/internal/api/handlers/traffic_engine.go:166.3,167.28 2 1
qmanager/internal/api/handlers/traffic_engine.go:170.2,172.16 3 1
qmanager/internal/api/handlers/traffic_engine.go:172.16,174.3 1 0
qmanager/internal/api/handlers/traffic_engine.go:177.2,178.12 2 1
qmanager/internal/api/handlers/traffic_engine.go:181.44,183.16 2 1
qmanager/internal/api/handlers/traffic_engine.go:183.16,189.3 1 0
qmanager/internal/api/handlers/traffic_engine.go:190.2,192.10 3 1
qmanager/internal/api/handlers/traffic_engine.go:195.52,198.16 3 1
qmanager/internal/api/handlers/traffic_engine.go:198.16,200.3 1 0
qmanager/internal/api/handlers/traffic_engine.go:201.2,201.50 1 1
qmanager/internal/api/handlers/update.go:98.62,100.16 2 1
qmanager/internal/api/handlers/update.go:100.16,102.3 1 1
qmanager/internal/api/handlers/update.go:103.2,104.15 2 1
qmanager/internal/api/handlers/update.go:104.15,106.3 1 1
qmanager/internal/api/handlers/update.go:108.2,116.3 1 1
qmanager/internal/api/handlers/update.go:120.52,122.15 2 1
qmanager/internal/api/handlers/update.go:122.15,124.3 1 1
qmanager/internal/api/handlers/update.go:125.2,125.31 1 1
qmanager/internal/api/handlers/update.go:129.77,131.55 2 1
qmanager/internal/api/handlers/update.go:131.55,144.3 6 1
qmanager/internal/api/handlers/update.go:146.2,146.33 1 1
qmanager/internal/api/handlers/update.go:146.33,150.3 3 0
qmanager/internal/api/handlers/update.go:152.2,164.35 6 1
qmanager/internal/api/handlers/update.go:164.35,166.3 1 0
qmanager/internal/api/handlers/update.go:168.2,176.21 3 1
qmanager/internal/api/handlers/update.go:176.21,179.49 3 0
qmanager/internal/api/handlers/update.go:179.49,187.4 2 0
qmanager/internal/api/handlers/update.go:188.8,190.37 2 1
qmanager/internal/api/handlers/update.go:190.37,193.4 2 1
qmanager/internal/api/handlers/update.go:194.3,194.24 1 1
qmanager/internal/api/handlers/update.go:197.2,197.30 1 1
qmanager/internal/api/handlers/update.go:197.30,201.3 3 1
qmanager/internal/api/handlers/update.go:203.2,210.46 6 0
qmanager/internal/api/handlers/update.go:210.46,212.3 1 0
qmanager/internal/api/handlers/update.go:215.2,215.35 1 0
qmanager/internal/api/handlers/update.go:215.35,216.132 1 0
qmanager/internal/api/handlers/update.go:216.132,221.9 5 0
qmanager/internal/api/handlers/update.go:225.2,226.37 2 0
qmanager/internal/api/handlers/update.go:230.84,240.65 2 1
qmanager/internal/api/handlers/update.go:240.65,243.3 2 0
qmanager/internal/api/handlers/update.go:245.2,245.24 1 1
qmanager/internal/api/handlers/update.go:246.31,247.104 1 1
qmanager/internal/api/handlers/update.go:248.18,249.52 1 1
qmanager/internal/api/handlers/update.go:250.26,251.49 1 1
qmanager/internal/api/handlers/update.go:252.25,254.87 2 1
qmanager/internal/api/handlers/update.go:255.20,256.88 1 1
qmanager/internal/api/handlers/update.go:257.10,258.85 1 0
qmanager/internal/api/handlers/update.go:262.140,263.48 1 1
qmanager/internal/api/handlers/update.go:263.48,264.31 1 1
qmanager/internal/api/handlers/update.go:264.31,265.26 1 1
qmanager/internal/api/handlers/update.go:265.26,267.5 1 1
qmanager/internal/api/handlers/update.go:267.10,269.5 1 0
qmanager/internal/api/handlers/update.go:271.3,271.27 1 1
qmanager/internal/api/handlers/update.go:271.27,273.4 1 1
qmanager/internal/api/handlers/update.go:274.3,274.31 1 1
qmanager/internal/api/handlers/update.go:274.31,275.26 1 1
qmanager/internal/api/handlers/update.go:275.26,277.5 1 1
qmanager/internal/api/handlers/update.go:277.10,279.5 1 1
qmanager/internal/api/handlers/update.go:282.2,282.16 1 1
qmanager/internal/api/handlers/update.go:282.16,285.3 2 0
qmanager/internal/api/handlers/update.go:288.2,289.39 2 1
qmanager/internal/api/handlers/update.go:289.39,291.3 1 1
qmanager/internal/api/handlers/update.go:291.8,293.3 1 0
qmanager/internal/api/handlers/update.go:295.2,302.4 1 1
qmanager/internal/api/handlers/update.go:305.92,307.43 2 1
qmanager/internal/api/handlers/update.go:307.43,316.3 4 0
qmanager/internal/api/handlers/update.go:318.2,334.4 6 1
qmanager/internal/api/handlers/update.go:337.89,338.23 1 1
qmanager/internal/api/handlers/update.go:338.23,341.31 2 0
qmanager/internal/api/handlers/update.go:341.31,342.33 1 0
qmanager/internal/api/handlers/update.go:342.33,343.85 1 0
qmanager/internal/api/handlers/update.go:343.85,345.11 2 0
qmanager/internal/api/handlers/update.go:351.2,351.23 1 1
qmanager/internal/api/handlers/update.go:351.23,360.3 4 0
qmanager/internal/api/handlers/update.go:362.2,366.16 4 1
qmanager/internal/api/handlers/update.go:366.16,369.3 2 0
qmanager/internal/api/handlers/update.go:370.2,373.16 3 1
qmanager/internal/api/handlers/update.go:373.16,376.3 2 1
qmanager/internal/api/handlers/update.go:377.2,379.38 2 1
qmanager/internal/api/handlers/update.go:379.38,382.3 2 0
qmanager/internal/api/handlers/update.go:384.2,385.16 2 1
qmanager/internal/api/handlers/update.go:385.16,388.3 2 0
qmanager/internal/api/handlers/update.go:389.2,398.6 7 1
qmanager/internal/api/handlers/update.go:398.6,399.10 1 1
qmanager/internal/api/handlers/update.go:400.21,406.10 6 0
qmanager/internal/api/handlers/update.go:407.11,407.11 0 1
qmanager/internal/api/handlers/update.go:410.3,411.12 2 1
qmanager/internal/api/handlers/update.go:411.12,414.17 3 1
qmanager/internal/api/handlers/update.go:414.17,419.5 4 1
qmanager/internal/api/handlers/update.go:421.3,421.20 1 1
qmanager/internal/api/handlers/update.go:421.20,422.9 1 1
qmanager/internal/api/handlers/update.go:424.3,424.17 1 0
qmanager/internal/api/handlers/update.go:424.17,427.4 2 0
qmanager/internal/api/handlers/update.go:430.2,444.23 7 1
qmanager/internal/api/handlers/update.go:447.63,455.2 3 1
qmanager/internal/api/handlers/update.go:457.48,460.27 3 1
qmanager/internal/api/handlers/update.go:460.27,463.3 2 0
qmanager/internal/api/handlers/update.go:464.2,464.48 1 1
qmanager/internal/api/handlers/update.go:467.89,469.41 2 1
qmanager/internal/api/handlers/update.go:469.41,472.3 2 1
qmanager/internal/api/handlers/update.go:474.2,484.16 5 1
qmanager/internal/api/handlers/update.go:484.16,488.3 3 0
qmanager/internal/api/handlers/update.go:491.2,496.61 4 1
qmanager/internal/api/handlers/update.go:496.61,501.3 4 0
qmanager/internal/api/handlers/update.go:502.2,512.12 4 1
qmanager/internal/api/handlers/update.go:512.12,515.3 2 1
qmanager/internal/api/handlers/update.go:518.64,520.16 2 1
qmanager/internal/api/handlers/update.go:520.16,522.3 1 1
qmanager/internal/api/handlers/update.go:523.2,524.15 2 1
qmanager/internal/api/handlers/update.go:524.15,526.3 1 0
qmanager/internal/api/handlers/update.go:527.2,528.44 2 1
qmanager/internal/api/handlers/update.go:528.44,530.3 1 1
qmanager/internal/api/handlers/update.go:531.2,531.15 1 0
qmanager/internal/api/handlers/update.go:534.113,536.24 2 1
qmanager/internal/api/handlers/update.go:536.24,538.3 1 0
qmanager/internal/api/handlers/update.go:540.2,541.16 2 1
qmanager/internal/api/handlers/update.go:541.16,543.3 1 0
qmanager/internal/api/handlers/update.go:544.2,548.16 4 1
qmanager/internal/api/handlers/update.go:548.16,550.3 1 0
qmanager/internal/api/handlers/update.go:551.2,553.38 2 1
qmanager/internal/api/handlers/update.go:553.38,555.3 1 1
qmanager/internal/api/handlers/update.go:557.2,557.24 1 0
qmanager/internal/api/handlers/update.go:557.24,559.68 2 0
qmanager/internal/api/handlers/update.go:559.68,561.4 1 0
qmanager/internal/api/handlers/update.go:562.3,562.22 1 0
qmanager/internal/api/handlers/update.go:565.2,566.65 2 0
qmanager/internal/api/handlers/update.go:566.65,568.3 1 0
qmanager/internal/api/handlers/update.go:569.2,569.20 1 0
qmanager/internal/api/handlers/update.go:569.20,571.3 1 0
qmanager/internal/api/handlers/update.go:573.2,573.22 1 0
qmanager/internal/api/handlers/update.go:578.39,589.25 8 1
qmanager/internal/api/handlers/update.go:589.25,591.3 1 0
qmanager/internal/api/handlers/update.go:593.2,593.30 1 1
qmanager/internal/api/handlers/update.go:593.30,595.21 2 1
qmanager/internal/api/handlers/update.go:595.21,597.4 1 1
qmanager/internal/api/handlers/update.go:598.3,598.21 1 1
qmanager/internal/api/handlers/update.go:598.21,600.4 1 1
qmanager/internal/api/handlers/update.go:601.3,601.14 1 1
qmanager/internal/api/handlers/update.go:601.14,603.4 1 1
qmanager/internal/api/handlers/update.go:604.3,604.14 1 1
qmanager/internal/api/handlers/update.go:604.14,606.4 1 1
qmanager/internal/api/handlers/update.go:610.2,610.41 1 1
qmanager/internal/api/handlers/update.go:610.41,612.3 1 1
qmanager/internal/api/handlers/update.go:613.2,613.41 1 1
qmanager/internal/api/handlers/update.go:613.41,615.3 1 1
qmanager/internal/api/handlers/update.go:616.2,616.40 1 1
qmanager/internal/api/handlers/update.go:616.40,617.28 1 1
qmanager/internal/api/handlers/update.go:617.28,619.4 1 1
qmanager/internal/api/handlers/update.go:619.9,619.35 1 0
qmanager/internal/api/handlers/update.go:619.35,621.4 1 0
qmanager/internal/api/handlers/update.go:624.2,624.10 1 1
qmanager/internal/api/handlers/update.go:627.68,628.51 1 1
qmanager/internal/api/handlers/update.go:628.51,630.3 1 0
qmanager/internal/api/handlers/update.go:631.2,632.16 2 1
qmanager/internal/api/handlers/update.go:632.16,634.3 1 0
qmanager/internal/api/handlers/update.go:635.2,638.16 3 1
qmanager/internal/api/handlers/update.go:638.16,640.3 1 1
qmanager/internal/api/handlers/update.go:641.2,646.6 4 1
qmanager/internal/api/handlers/update.go:646.6,648.20 2 1
qmanager/internal/api/handlers/update.go:648.20,649.9 1 0
qmanager/internal/api/handlers/update.go:651.3,651.17 1 1
qmanager/internal/api/handlers/update.go:651.17,653.4 1 0
qmanager/internal/api/handlers/update.go:655.3,656.111 2 1
qmanager/internal/api/handlers/update.go:656.111,659.18 3 1
qmanager/internal/api/handlers/update.go:659.18,661.5 1 0
qmanager/internal/api/handlers/update.go:662.4,662.50 1 1
qmanager/internal/api/handlers/update.go:662.50,665.5 2 0
qmanager/internal/api/handlers/update.go:666.4,668.9 3 1
qmanager/internal/api/handlers/update.go:672.2,672.21 1 1
qmanager/internal/api/handlers/update.go:672.21,674.3 1 0
qmanager/internal/api/handlers/update.go:675.2,675.23 1 1
qmanager/internal/api/handlers/update.go:678.38,680.16 2 1
qmanager/internal/api/handlers/update.go:680.16,682.3 1 0
qmanager/internal/api/handlers/update.go:683.2,686.16 3 1
qmanager/internal/api/handlers/update.go:686.16,688.3 1 0
qmanager/internal/api/handlers/update.go:689.2,692.12 3 1
qmanager/internal/api/handlers/video_optimizer.go:29.56,31.2 1 1
qmanager/internal/api/handlers/video_optimizer.go:41.83,45.16 3 1
qmanager/internal/api/handlers/video_optimizer.go:46.23,48.9 2 1
qmanager/internal/api/handlers/video_optimizer.go:49.24,51.9 2 1
qmanager/internal/api/handlers/video_optimizer.go:52.18,54.9 2 0
qmanager/internal/api/handlers/video_optimizer.go:57.2,57.27 1 1
qmanager/internal/api/handlers/video_optimizer.go:57.27,60.3 2 1
qmanager/internal/api/handlers/video_optimizer.go:63.2,67.18 4 1
qmanager/internal/api/handlers/video_optimizer.go:67.18,69.3 1 0
qmanager/internal/api/handlers/video_optimizer.go:71.2,73.13 3 1
qmanager/internal/api/handlers/video_optimizer.go:73.13,74.31 1 0
qmanager/internal/api/handlers/video_optimizer.go:74.31,76.4 1 0
qmanager/internal/api/handlers/video_optimizer.go:76.9,78.4 1 0
qmanager/internal/api/handlers/video_optimizer.go:81.2,82.25 2 1
qmanager/internal/api/handlers/video_optimizer.go:82.25,84.3 1 0
qmanager/internal/api/handlers/video_optimizer.go:86.2,99.18 3 1
qmanager/internal/api/handlers/video_optimizer.go:99.18,101.16 2 0
qmanager/internal/api/handlers/video_optimizer.go:101.16,103.4 1 0
qmanager/internal/api/handlers/video_optimizer.go:104.3,104.27 1 0
qmanager/internal/api/handlers/video_optimizer.go:107.2,107.30 1 1
qmanager/internal/api/handlers/video_optimizer.go:119.84,121.65 2 1
qmanager/internal/api/handlers/video_optimizer.go:121.65,124.3 2 0
qmanager/internal/api/handlers/video_optimizer.go:126.2,126.24 1 1
qmanager/internal/api/handlers/video_optimizer.go:127.14,128.41 1 1
qmanager/internal/api/handlers/video_optimizer.go:129.25,130.37 1 1
qmanager/internal/api/handlers/video_optimizer.go:131.23,132.35 1 1
qmanager/internal/api/handlers/video_optimizer.go:133.17,134.21 1 1
qmanager/internal/api/handlers/video_optimizer.go:135.19,136.23 1 1
qmanager/internal/api/handlers/video_optimizer.go:137.16,138.20 1 1
qmanager/internal/api/handlers/video_optimizer.go:139.10,140.85 1 1
qmanager/internal/api/handlers/video_optimizer.go:144.110,146.22 2 1
qmanager/internal/api/handlers/video_optimizer.go:146.22,148.3 1 1
qmanager/internal/api/handlers/video_optimizer.go:150.2,152.13 3 1
qmanager/internal/api/handlers/video_optimizer.go:152.13,154.3 1 1
qmanager/internal/api/handlers/video_optimizer.go:155.2,158.13 2 1
qmanager/internal/api/handlers/video_optimizer.go:158.13,160.3 1 1
qmanager/internal/api/handlers/video_optimizer.go:160.8,162.3 1 0
qmanager/internal/api/handlers/video_optimizer.go:164.2,168.4 1 1
qmanager/internal/api/handlers/video_optimizer.go:171.106,173.22 2 1
qmanager/internal/api/handlers/video_optimizer.go:173.22,175.3 1 1
qmanager/internal/api/handlers/video_optimizer.go:176.2,177.15 2 1
qmanager/internal/api/handlers/video_optimizer.go:177.15,179.3 1 0
qmanager/internal/api/handlers/video_optimizer.go:181.2,184.13 4 1
qmanager/internal/api/handlers/video_optimizer.go:184.13,186.3 1 1
qmanager/internal/api/handlers/video_optimizer.go:187.2,189.13 2 1
qmanager/internal/api/handlers/video_optimizer.go:189.13,191.3 1 1
qmanager/internal/api/handlers/video_optimizer.go:191.8,193.3 1 0
qmanager/internal/api/handlers/video_optimizer.go:195.2,200.4 1 1
qmanager/internal/api/handlers/video_optimizer.go:203.104,215.2 5 1
qmanager/internal/api/handlers/video_optimizer.go:217.70,220.12 2 1
qmanager/internal/api/handlers/video_optimizer.go:220.12,223.3 2 1
qmanager/internal/api/handlers/video_optimizer.go:225.2,228.4 1 1
qmanager/internal/api/handlers/video_optimizer.go:231.72,239.2 3 1
qmanager/internal/api/handlers/video_optimizer.go:241.69,244.12 2 1
qmanager/internal/api/handlers/video_optimizer.go:244.12,261.3 4 1
qmanager/internal/api/handlers/video_optimizer.go:263.2,266.4 1 1
qmanager/internal/api/handlers/video_optimizer.go:269.72,270.74 1 1
qmanager/internal/api/handlers/video_optimizer.go:270.74,272.52 2 1
qmanager/internal/api/handlers/video_optimizer.go:272.52,276.4 3 1
qmanager/internal/api/handlers/video_optimizer.go:278.2,281.4 1 0
qmanager/internal/api/handlers/video_optimizer.go:284.73,285.75 1 1
qmanager/internal/api/handlers/video_optimizer.go:285.75,287.52 2 1
qmanager/internal/api/handlers/video_optimizer.go:287.52,291.4 3 1
qmanager/internal/api/handlers/video_optimizer.go:293.2,296.4 1 0
qmanager/internal/api/handlers/video_optimizer.go:299.68,305.2 2 0
qmanager/internal/api/handlers/video_optimizer.go:307.75,323.2 3 1
qmanager/internal/api/handlers/video_optimizer.go:325.37,327.16 2 1
qmanager/internal/api/handlers/video_optimizer.go:327.16,329.3 1 0
qmanager/internal/api/handlers/video_optimizer.go:330.2,332.26 3 1
qmanager/internal/api/handlers/video_optimizer.go:332.26,334.44 2 1
qmanager/internal/api/handlers/video_optimizer.go:334.44,336.4 1 1
qmanager/internal/api/handlers/video_optimizer.go:338.2,338.16 1 1
qmanager/internal/api/handlers/video_optimizer.go:341.33,343.2 1 1
qmanager/internal/api/handlers/video_optimizer.go:345.44,348.2 2 1
qmanager/internal/api/handlers/video_optimizer.go:350.41,354.2 3 0
qmanager/internal/api/handlers/video_optimizer.go:356.42,358.16 2 1
qmanager/internal/api/handlers/video_optimizer.go:358.16,364.3 1 1
qmanager/internal/api/handlers/video_optimizer.go:365.2,367.10 3 1
qmanager/internal/api/handlers/video_optimizer.go:370.50,373.16 3 1
qmanager/internal/api/handlers/video_optimizer.go:373.16,375.3 1 0
qmanager/internal/api/handlers/video_optimizer.go:376.2,376.48 1 1
qmanager/internal/api/handlers/watchdog.go:18.90,23.2 1 1
qmanager/internal/api/handlers/watchdog.go:26.82,27.32 1 1
qmanager/internal/api/handlers/watchdog.go:27.32,30.24 3 1
qmanager/internal/api/handlers/watchdog.go:30.24,32.4 1 1
qmanager/internal/api/handlers/watchdog.go:32.9,44.4 1 0
qmanager/internal/api/handlers/watchdog.go:45.3,50.9 2 1
qmanager/internal/api/handlers/watchdog.go:53.2,53.33 1 1
qmanager/internal/api/handlers/watchdog.go:53.33,59.66 2 1
qmanager/internal/api/handlers/watchdog.go:59.66,62.4 2 0
qmanager/internal/api/handlers/watchdog.go:64.3,64.64 1 1
qmanager/internal/api/handlers/watchdog.go:64.64,65.50 1 1
qmanager/internal/api/handlers/watchdog.go:65.50,67.5 1 1
qmanager/internal/api/handlers/watchdog.go:68.4,68.18 1 1
qmanager/internal/api/handlers/watchdog.go:68.18,71.5 2 0
qmanager/internal/api/handlers/watchdog.go:72.4,73.10 2 1
qmanager/internal/api/handlers/watchdog.go:76.3,76.54 1 0
